timeStamp,elapsed,label,responseCode,responseMessage,threadName,dataType,success,failureMessage,bytes,sentBytes,grpThreads,allThreads,Latency,IdleTime,Connect
1549480265385,67,Petición HTTP,200,,Grupo de Hilos 1-26,text,true,,389,377,33,33,66,0,25
1549480265374,81,Petición HTTP,200,,Grupo de Hilos 1-24,text,true,,389,377,33,33,81,0,37
1549480265316,140,Petición HTTP,200,,Grupo de Hilos 1-7,text,true,,389,377,32,32,140,0,96
1549480265315,141,Petición HTTP,200,,Grupo de Hilos 1-4,text,true,,389,377,31,31,141,0,73
1549480265315,142,Petición HTTP,200,,Grupo de Hilos 1-8,text,true,,389,377,30,30,142,0,73
1549480265315,142,Petición HTTP,200,,Grupo de Hilos 1-12,text,true,,389,377,29,29,142,0,73
1549480265380,78,Petición HTTP,200,,Grupo de Hilos 1-25,text,true,,389,377,28,28,78,0,29
1549480265394,65,Petición HTTP,200,,Grupo de Hilos 1-27,text,true,,389,377,28,28,65,0,10
1549480265316,145,Petición HTTP,200,,Grupo de Hilos 1-2,text,true,,389,377,27,27,144,0,99
1549480265370,91,Petición HTTP,200,,Grupo de Hilos 1-23,text,true,,389,377,26,26,91,0,46
1549480265311,151,Petición HTTP,200,,Grupo de Hilos 1-15,text,true,,389,377,25,25,151,0,89
1549480265317,145,Petición HTTP,200,,Grupo de Hilos 1-13,text,true,,389,377,24,24,145,0,95
1549480265315,148,Petición HTTP,200,,Grupo de Hilos 1-10,text,true,,389,377,23,23,148,0,78
1549480265318,145,Petición HTTP,200,,Grupo de Hilos 1-5,text,true,,389,377,22,22,145,0,95
1549480265335,129,Petición HTTP,200,,Grupo de Hilos 1-19,text,true,,389,377,21,21,129,0,64
1549480265309,161,Petición HTTP,200,,Grupo de Hilos 1-11,text,true,,389,377,19,19,161,0,79
1549480265414,74,Petición HTTP,200,,Grupo de Hilos 1-30,text,true,,389,377,21,21,74,0,5
1549480265400,88,Petición HTTP,200,,Grupo de Hilos 1-28,text,true,,389,377,21,21,88,0,3
1549480265362,127,Petición HTTP,200,,Grupo de Hilos 1-22,text,true,,389,377,21,21,127,0,56
1549480265328,161,Petición HTTP,200,,Grupo de Hilos 1-18,text,true,,389,377,20,20,161,0,73
1549480265315,175,Petición HTTP,200,,Grupo de Hilos 1-9,text,true,,389,377,19,19,175,0,87
1549480265429,62,Petición HTTP,200,,Grupo de Hilos 1-31,text,true,,389,377,18,18,62,0,2
1549480265323,168,Petición HTTP,200,,Grupo de Hilos 1-6,text,true,,389,377,18,18,168,0,96
1549480265361,129,Petición HTTP,200,,Grupo de Hilos 1-21,text,true,,389,377,18,18,129,0,27
1549480265315,176,Petición HTTP,200,,Grupo de Hilos 1-16,text,true,,389,377,17,17,176,0,83
1549480265316,175,Petición HTTP,200,,Grupo de Hilos 1-14,text,true,,389,377,17,17,175,0,89
1549480265316,176,Petición HTTP,200,,Grupo de Hilos 1-1,text,true,,389,377,17,17,176,0,100
1549480265341,151,Petición HTTP,200,,Grupo de Hilos 1-20,text,true,,389,377,16,16,151,0,61
1549480265315,178,Petición HTTP,200,,Grupo de Hilos 1-3,text,true,,389,377,16,16,178,0,73
1549480265447,46,Petición HTTP,200,,Grupo de Hilos 1-33,text,true,,389,377,16,16,45,0,1
1549480265322,170,Petición HTTP,200,,Grupo de Hilos 1-17,text,true,,389,377,16,16,170,0,95
1549480265406,83,Petición HTTP,200,,Grupo de Hilos 1-29,text,true,,389,377,9,9,83,0,3
1549480265448,50,Petición HTTP,200,,Grupo de Hilos 1-32,text,true,,389,377,6,6,50,0,1
1549480265459,40,Petición HTTP,200,,Grupo de Hilos 1-34,text,true,,389,377,5,5,40,0,7
1549480265486,29,Petición HTTP,200,,Grupo de Hilos 1-35,text,true,,389,377,7,7,29,0,1
1549480265494,26,Petición HTTP,200,,Grupo de Hilos 1-38,text,true,,389,377,7,7,26,0,1
1549480265485,39,Petición HTTP,200,,Grupo de Hilos 1-36,text,true,,389,377,6,6,38,0,14
1549480265497,27,Petición HTTP,200,,Grupo de Hilos 1-37,text,true,,389,377,5,5,27,0,3
1549480265501,26,Petición HTTP,200,,Grupo de Hilos 1-39,text,true,,389,377,5,5,26,0,0
1549480265507,25,Petición HTTP,200,,Grupo de Hilos 1-40,text,true,,389,377,4,4,25,0,1
1549480265513,27,Petición HTTP,200,,Grupo de Hilos 1-41,text,true,,389,377,5,5,27,0,2
1549480265520,24,Petición HTTP,200,,Grupo de Hilos 1-42,text,true,,389,377,4,4,24,0,0
1549480265527,25,Petición HTTP,200,,Grupo de Hilos 1-43,text,true,,389,377,5,5,25,0,1
1549480265533,24,Petición HTTP,200,,Grupo de Hilos 1-44,text,true,,389,377,4,4,24,0,1
1549480265540,25,Petición HTTP,200,,Grupo de Hilos 1-45,text,true,,389,377,3,3,25,0,1
1549480265546,24,Petición HTTP,200,,Grupo de Hilos 1-46,text,true,,389,377,3,3,24,0,1
1549480265553,27,Petición HTTP,200,,Grupo de Hilos 1-47,text,true,,389,377,3,3,27,0,2
1549480265566,29,Petición HTTP,200,,Grupo de Hilos 1-48,text,true,,389,377,3,3,29,0,3
1549480265575,28,Petición HTTP,200,,Grupo de Hilos 1-49,text,true,,389,377,3,3,28,0,1
1549480265599,19,Petición HTTP,200,,Grupo de Hilos 1-51,text,true,,389,377,2,2,19,0,1
1549480265587,32,Petición HTTP,200,,Grupo de Hilos 1-50,text,true,,389,377,1,1,31,0,1
1549480265625,22,Petición HTTP,200,,Grupo de Hilos 1-52,text,true,,389,377,4,4,22,0,1
1549480265629,24,Petición HTTP,200,,Grupo de Hilos 1-53,text,true,,389,377,4,4,24,0,0
1549480265637,24,Petición HTTP,200,,Grupo de Hilos 1-54,text,true,,389,377,4,4,24,0,1
1549480265644,24,Petición HTTP,200,,Grupo de Hilos 1-55,text,true,,389,377,4,4,24,0,0
1549480265650,22,Petición HTTP,200,,Grupo de Hilos 1-56,text,true,,389,377,4,4,22,0,1
1549480265675,26,Petición HTTP,200,,Grupo de Hilos 1-58,text,true,,389,377,6,6,26,0,1
1549480265671,30,Petición HTTP,200,,Grupo de Hilos 1-59,text,true,,389,377,5,5,30,0,6
1549480265678,24,Petición HTTP,200,,Grupo de Hilos 1-57,text,true,,389,377,4,4,24,0,1
1549480265680,25,Petición HTTP,200,,Grupo de Hilos 1-60,text,true,,389,377,3,3,25,0,1
1549480265689,26,Petición HTTP,200,,Grupo de Hilos 1-61,text,true,,389,377,3,3,26,0,1
1549480265700,26,Petición HTTP,200,,Grupo de Hilos 1-62,text,true,,389,377,4,4,26,0,0
1549480265706,26,Petición HTTP,200,,Grupo de Hilos 1-63,text,true,,389,377,3,3,26,0,0
1549480265721,29,Petición HTTP,200,,Grupo de Hilos 1-65,text,true,,389,377,4,4,29,0,0
1549480265724,34,Petición HTTP,200,,Grupo de Hilos 1-64,text,true,,389,377,3,3,34,0,1
1549480265739,26,Petición HTTP,200,,Grupo de Hilos 1-66,text,true,,389,377,4,4,26,0,1
1549480265740,26,Petición HTTP,200,,Grupo de Hilos 1-67,text,true,,389,377,3,3,26,0,0
1549480265758,32,Petición HTTP,200,,Grupo de Hilos 1-68,text,true,,389,377,4,4,32,0,1
1549480265761,33,Petición HTTP,200,,Grupo de Hilos 1-69,text,true,,389,377,4,4,33,0,1
1549480265771,34,Petición HTTP,200,,Grupo de Hilos 1-70,text,true,,389,377,3,3,34,0,2
1549480265779,30,Petición HTTP,200,,Grupo de Hilos 1-71,text,true,,389,377,2,2,30,0,3
1549480265793,24,Petición HTTP,200,,Grupo de Hilos 1-72,text,true,,389,377,3,3,24,0,1
1549480265810,25,Petición HTTP,200,,Grupo de Hilos 1-73,text,true,,389,377,4,4,25,0,2
1549480265816,25,Petición HTTP,200,,Grupo de Hilos 1-74,text,true,,389,377,4,4,25,0,2
1549480265823,24,Petición HTTP,200,,Grupo de Hilos 1-75,text,true,,389,377,4,4,24,0,0
1549480265843,25,Petición HTTP,200,,Grupo de Hilos 1-78,text,true,,389,377,4,4,25,0,2
1549480265836,33,Petición HTTP,200,,Grupo de Hilos 1-77,text,true,,389,377,4,4,33,0,1
1549480265829,42,Petición HTTP,200,,Grupo de Hilos 1-76,text,true,,389,377,5,5,42,0,0
1549480265849,22,Petición HTTP,200,,Grupo de Hilos 1-79,text,true,,389,377,4,4,22,0,0
1549480265870,26,Petición HTTP,200,,Grupo de Hilos 1-82,text,true,,389,377,7,7,26,0,2
1549480265872,25,Petición HTTP,200,,Grupo de Hilos 1-80,text,true,,389,377,6,6,25,0,1
1549480265869,28,Petición HTTP,200,,Grupo de Hilos 1-81,text,true,,389,377,5,5,28,0,4
1549480265875,25,Petición HTTP,200,,Grupo de Hilos 1-83,text,true,,389,377,4,4,25,0,1
1549480265882,24,Petición HTTP,200,,Grupo de Hilos 1-84,text,true,,389,377,4,4,23,0,0
1549480265888,25,Petición HTTP,200,,Grupo de Hilos 1-85,text,true,,389,377,4,4,25,0,1
1549480265895,24,Petición HTTP,200,,Grupo de Hilos 1-86,text,true,,389,377,3,3,24,0,1
1549480265902,22,Petición HTTP,200,,Grupo de Hilos 1-87,text,true,,389,377,3,3,22,0,0
1549480265908,23,Petición HTTP,200,,Grupo de Hilos 1-88,text,true,,389,377,2,2,23,0,1
1549480265920,20,Petición HTTP,200,,Grupo de Hilos 1-89,text,true,,389,377,2,2,20,0,0
1549480265935,17,Petición HTTP,200,,Grupo de Hilos 1-90,text,true,,389,377,1,1,17,0,0
1549480265966,28,Petición HTTP,200,,Grupo de Hilos 1-91,text,true,,389,377,2,2,28,0,0
1549480265972,29,Petición HTTP,200,,Grupo de Hilos 1-92,text,true,,389,377,1,1,28,0,1
1549480266016,44,Petición HTTP,200,,Grupo de Hilos 1-97,text,true,,389,377,6,6,44,0,0
1549480266025,47,Petición HTTP,200,,Grupo de Hilos 1-98,text,true,,389,377,5,5,47,0,1
1549480266046,30,Petición HTTP,200,,Grupo de Hilos 1-94,text,true,,389,377,5,5,30,0,0
1549480266045,31,Petición HTTP,200,,Grupo de Hilos 1-93,text,true,,389,377,5,5,31,0,0
1549480266052,26,Petición HTTP,200,,Grupo de Hilos 1-95,text,true,,389,377,3,3,26,0,0
1549480266058,23,Petición HTTP,200,,Grupo de Hilos 1-96,text,true,,389,377,2,2,23,0,0
1549480266073,21,Petición HTTP,200,,Grupo de Hilos 1-99,text,true,,389,377,3,3,21,0,0
1549480266082,22,Petición HTTP,200,,Grupo de Hilos 1-100,text,true,,389,377,4,4,22,0,0
1549480266092,24,Petición HTTP,200,,Grupo de Hilos 1-102,text,true,,389,377,4,4,24,0,0
1549480266096,24,Petición HTTP,200,,Grupo de Hilos 1-103,text,true,,389,377,4,4,24,0,1
1549480266098,24,Petición HTTP,200,,Grupo de Hilos 1-101,text,true,,389,377,3,3,24,0,0
1549480266111,23,Petición HTTP,200,,Grupo de Hilos 1-104,text,true,,389,377,3,3,23,0,0
1549480266117,24,Petición HTTP,200,,Grupo de Hilos 1-105,text,true,,389,377,3,3,24,0,1
1549480266129,23,Petición HTTP,200,,Grupo de Hilos 1-106,text,true,,389,377,4,4,23,0,1
1549480266135,25,Petición HTTP,200,,Grupo de Hilos 1-107,text,true,,389,377,4,4,25,0,1
1549480266145,24,Petición HTTP,200,,Grupo de Hilos 1-108,text,true,,389,377,4,4,24,0,0
1549480266151,25,Petición HTTP,200,,Grupo de Hilos 1-109,text,true,,389,377,4,4,25,0,0
1549480266157,24,Petición HTTP,200,,Grupo de Hilos 1-110,text,true,,389,377,4,4,24,0,1
1549480266163,24,Petición HTTP,200,,Grupo de Hilos 1-111,text,true,,389,377,4,4,24,0,1
1549480266170,23,Petición HTTP,200,,Grupo de Hilos 1-112,text,true,,389,377,4,4,23,0,0
1549480266177,24,Petición HTTP,200,,Grupo de Hilos 1-113,text,true,,389,377,4,4,24,0,0
1549480266183,24,Petición HTTP,200,,Grupo de Hilos 1-114,text,true,,389,377,4,4,24,0,0
1549480266189,23,Petición HTTP,200,,Grupo de Hilos 1-115,text,true,,389,377,4,4,23,0,0
1549480266195,22,Petición HTTP,200,,Grupo de Hilos 1-116,text,true,,389,377,4,4,22,0,1
1549480266202,21,Petición HTTP,200,,Grupo de Hilos 1-117,text,true,,389,377,4,4,21,0,0
1549480266208,22,Petición HTTP,200,,Grupo de Hilos 1-118,text,true,,389,377,4,4,22,0,0
1549480266214,22,Petición HTTP,200,,Grupo de Hilos 1-119,text,true,,389,377,4,4,22,0,0
1549480266220,24,Petición HTTP,200,,Grupo de Hilos 1-120,text,true,,389,377,4,4,24,0,1
1549480266227,23,Petición HTTP,200,,Grupo de Hilos 1-121,text,true,,389,377,3,3,23,0,0
1549480266233,25,Petición HTTP,200,,Grupo de Hilos 1-122,text,true,,389,377,4,4,25,0,0
1549480266243,25,Petición HTTP,200,,Grupo de Hilos 1-123,text,true,,389,377,3,3,25,0,1
1549480266250,24,Petición HTTP,200,,Grupo de Hilos 1-124,text,true,,389,377,3,3,24,0,1
1549480266257,24,Petición HTTP,200,,Grupo de Hilos 1-125,text,true,,389,377,2,2,24,0,1
1549480266273,22,Petición HTTP,200,,Grupo de Hilos 1-126,text,true,,389,377,2,2,22,0,0
1549480266283,21,Petición HTTP,200,,Grupo de Hilos 1-127,text,true,,389,377,3,3,21,0,1
1549480266297,23,Petición HTTP,200,,Grupo de Hilos 1-128,text,true,,389,377,4,4,23,0,1
1549480266304,24,Petición HTTP,200,,Grupo de Hilos 1-129,text,true,,389,377,4,4,24,0,0
1549480266310,23,Petición HTTP,200,,Grupo de Hilos 1-130,text,true,,389,377,3,3,23,0,0
1549480266316,24,Petición HTTP,200,,Grupo de Hilos 1-131,text,true,,389,377,3,3,24,0,0
1549480266325,24,Petición HTTP,200,,Grupo de Hilos 1-132,text,true,,389,377,3,3,24,0,1
1549480266335,24,Petición HTTP,200,,Grupo de Hilos 1-133,text,true,,389,377,4,4,24,0,1
1549480266343,25,Petición HTTP,200,,Grupo de Hilos 1-134,text,true,,389,377,4,4,25,0,1
1549480266350,23,Petición HTTP,200,,Grupo de Hilos 1-135,text,true,,389,377,3,3,23,0,0
1549480266357,24,Petición HTTP,200,,Grupo de Hilos 1-136,text,true,,389,377,4,4,24,0,1
1549480266367,22,Petición HTTP,200,,Grupo de Hilos 1-137,text,true,,389,377,4,4,22,0,0
1549480266373,24,Petición HTTP,200,,Grupo de Hilos 1-138,text,true,,389,377,4,4,24,0,0
1549480266379,24,Petición HTTP,200,,Grupo de Hilos 1-139,text,true,,389,377,4,4,24,0,0
1549480266385,24,Petición HTTP,200,,Grupo de Hilos 1-140,text,true,,389,377,4,4,24,0,1
1549480266392,23,Petición HTTP,200,,Grupo de Hilos 1-141,text,true,,389,377,3,3,23,0,0
1549480266398,22,Petición HTTP,200,,Grupo de Hilos 1-142,text,true,,389,377,3,3,22,0,0
1549480266407,22,Petición HTTP,200,,Grupo de Hilos 1-143,text,true,,389,377,4,4,22,0,1
1549480266420,23,Petición HTTP,200,,Grupo de Hilos 1-145,text,true,,389,377,5,5,23,0,0
1549480266423,23,Petición HTTP,200,,Grupo de Hilos 1-144,text,true,,389,377,5,5,23,0,0
1549480266426,23,Petición HTTP,200,,Grupo de Hilos 1-146,text,true,,389,377,4,4,23,0,0
1549480266432,24,Petición HTTP,200,,Grupo de Hilos 1-147,text,true,,389,377,3,3,24,0,0
1549480266438,23,Petición HTTP,200,,Grupo de Hilos 1-148,text,true,,389,377,4,4,23,0,1
1549480266444,24,Petición HTTP,200,,Grupo de Hilos 1-149,text,true,,389,377,4,4,24,0,0
1549480266459,22,Petición HTTP,200,,Grupo de Hilos 1-150,text,true,,389,377,5,5,22,0,0
1549480266459,23,Petición HTTP,200,,Grupo de Hilos 1-151,text,true,,389,377,4,4,23,0,0
1549480266465,24,Petición HTTP,200,,Grupo de Hilos 1-152,text,true,,389,377,4,4,24,0,0
1549480266471,24,Petición HTTP,200,,Grupo de Hilos 1-153,text,true,,389,377,4,4,24,0,0
1549480266477,24,Petición HTTP,200,,Grupo de Hilos 1-154,text,true,,389,377,4,4,24,0,0
1549480266484,24,Petición HTTP,200,,Grupo de Hilos 1-155,text,true,,389,377,4,4,24,0,0
1549480266490,23,Petición HTTP,200,,Grupo de Hilos 1-156,text,true,,389,377,4,4,23,0,1
1549480266496,24,Petición HTTP,200,,Grupo de Hilos 1-157,text,true,,389,377,4,4,24,0,1
1549480266502,23,Petición HTTP,200,,Grupo de Hilos 1-158,text,true,,389,377,4,4,23,0,1
1549480266508,24,Petición HTTP,200,,Grupo de Hilos 1-159,text,true,,389,377,4,4,24,0,1
1549480266515,22,Petición HTTP,200,,Grupo de Hilos 1-160,text,true,,389,377,4,4,22,0,0
1549480266521,24,Petición HTTP,200,,Grupo de Hilos 1-161,text,true,,389,377,4,4,24,0,0
1549480266527,22,Petición HTTP,200,,Grupo de Hilos 1-162,text,true,,389,377,4,4,22,0,0
1549480266533,23,Petición HTTP,200,,Grupo de Hilos 1-163,text,true,,389,377,4,4,23,0,0
1549480266539,22,Petición HTTP,200,,Grupo de Hilos 1-164,text,true,,389,377,4,4,22,0,0
1549480266545,22,Petición HTTP,200,,Grupo de Hilos 1-165,text,true,,389,377,4,4,22,0,1
1549480266552,23,Petición HTTP,200,,Grupo de Hilos 1-166,text,true,,389,377,4,4,23,0,0
1549480266558,22,Petición HTTP,200,,Grupo de Hilos 1-167,text,true,,389,377,3,3,22,0,0
1549480266567,22,Petición HTTP,200,,Grupo de Hilos 1-168,text,true,,389,377,4,4,22,0,0
1549480266573,23,Petición HTTP,200,,Grupo de Hilos 1-169,text,true,,389,377,4,4,23,0,1
1549480266586,23,Petición HTTP,200,,Grupo de Hilos 1-171,text,true,,389,377,5,5,23,0,1
1549480266588,24,Petición HTTP,200,,Grupo de Hilos 1-170,text,true,,389,377,5,5,24,0,1
1549480266593,24,Petición HTTP,200,,Grupo de Hilos 1-172,text,true,,389,377,4,4,24,0,0
1549480266599,23,Petición HTTP,200,,Grupo de Hilos 1-173,text,true,,389,377,4,4,23,0,0
1549480266605,24,Petición HTTP,200,,Grupo de Hilos 1-174,text,true,,389,377,4,4,24,0,0
1549480266611,24,Petición HTTP,200,,Grupo de Hilos 1-175,text,true,,389,377,4,4,24,0,1
1549480266618,23,Petición HTTP,200,,Grupo de Hilos 1-176,text,true,,389,377,4,4,23,0,0
1549480266624,23,Petición HTTP,200,,Grupo de Hilos 1-177,text,true,,389,377,4,4,23,0,0
1549480266630,23,Petición HTTP,200,,Grupo de Hilos 1-178,text,true,,389,377,4,4,23,0,0
1549480266636,24,Petición HTTP,200,,Grupo de Hilos 1-179,text,true,,389,377,4,4,24,0,1
1549480266642,25,Petición HTTP,200,,Grupo de Hilos 1-180,text,true,,389,377,4,4,25,0,1
1549480266649,24,Petición HTTP,200,,Grupo de Hilos 1-181,text,true,,389,377,4,4,24,0,0
1549480266654,23,Petición HTTP,200,,Grupo de Hilos 1-182,text,true,,389,377,3,3,23,0,0
1549480266666,22,Petición HTTP,200,,Grupo de Hilos 1-183,text,true,,389,377,4,4,22,0,1
1549480266673,24,Petición HTTP,200,,Grupo de Hilos 1-184,text,true,,389,377,4,4,24,0,1
1549480266680,24,Petición HTTP,200,,Grupo de Hilos 1-185,text,true,,389,377,4,4,24,0,1
1549480266686,23,Petición HTTP,200,,Grupo de Hilos 1-186,text,true,,389,377,4,4,23,0,0
1549480266693,24,Petición HTTP,200,,Grupo de Hilos 1-187,text,true,,389,377,4,4,24,0,1
1549480266700,23,Petición HTTP,200,,Grupo de Hilos 1-188,text,true,,389,377,4,4,23,0,0
1549480266706,22,Petición HTTP,200,,Grupo de Hilos 1-189,text,true,,389,377,4,4,22,0,0
1549480266715,22,Petición HTTP,200,,Grupo de Hilos 1-190,text,true,,389,377,4,4,22,0,0
1549480266721,24,Petición HTTP,200,,Grupo de Hilos 1-191,text,true,,389,377,4,4,24,0,0
1549480266728,24,Petición HTTP,200,,Grupo de Hilos 1-192,text,true,,389,377,4,4,24,0,0
1549480266734,24,Petición HTTP,200,,Grupo de Hilos 1-193,text,true,,389,377,4,4,24,0,0
1549480266740,25,Petición HTTP,200,,Grupo de Hilos 1-194,text,true,,389,377,5,5,25,0,0
1549480266746,24,Petición HTTP,200,,Grupo de Hilos 1-195,text,true,,389,377,4,4,24,0,1
1549480266753,24,Petición HTTP,200,,Grupo de Hilos 1-196,text,true,,389,377,4,4,24,0,0
1549480266759,23,Petición HTTP,200,,Grupo de Hilos 1-197,text,true,,389,377,4,4,22,0,0
1549480266764,24,Petición HTTP,200,,Grupo de Hilos 1-198,text,true,,389,377,4,4,24,0,0
1549480266771,25,Petición HTTP,200,,Grupo de Hilos 1-199,text,true,,389,377,4,4,25,0,1
1549480266781,24,Petición HTTP,200,,Grupo de Hilos 1-200,text,true,,389,377,4,4,24,0,0
1549480266787,25,Petición HTTP,200,,Grupo de Hilos 1-201,text,true,,389,377,4,4,25,0,1
1549480266794,23,Petición HTTP,200,,Grupo de Hilos 1-202,text,true,,389,377,4,4,23,0,0
1549480266800,23,Petición HTTP,200,,Grupo de Hilos 1-203,text,true,,389,377,4,4,23,0,0
1549480266805,24,Petición HTTP,200,,Grupo de Hilos 1-204,text,true,,389,377,4,4,24,0,0
1549480266812,24,Petición HTTP,200,,Grupo de Hilos 1-205,text,true,,389,377,4,4,24,0,1
1549480266818,23,Petición HTTP,200,,Grupo de Hilos 1-206,text,true,,389,377,4,4,23,0,1
1549480266825,23,Petición HTTP,200,,Grupo de Hilos 1-207,text,true,,389,377,4,4,23,0,0
1549480266831,23,Petición HTTP,200,,Grupo de Hilos 1-208,text,true,,389,377,4,4,23,0,0
1549480266837,24,Petición HTTP,200,,Grupo de Hilos 1-209,text,true,,389,377,4,4,24,0,1
1549480266843,25,Petición HTTP,200,,Grupo de Hilos 1-210,text,true,,389,377,4,4,25,0,1
1549480266850,23,Petición HTTP,200,,Grupo de Hilos 1-211,text,true,,389,377,4,4,23,0,0
1549480266856,23,Petición HTTP,200,,Grupo de Hilos 1-212,text,true,,389,377,4,4,23,0,0
1549480266862,23,Petición HTTP,200,,Grupo de Hilos 1-213,text,true,,389,377,4,4,23,0,0
1549480266870,23,Petición HTTP,200,,Grupo de Hilos 1-214,text,true,,389,377,4,4,23,0,0
1549480266875,22,Petición HTTP,200,,Grupo de Hilos 1-215,text,true,,389,377,4,4,22,0,0
1549480266881,23,Petición HTTP,200,,Grupo de Hilos 1-216,text,true,,389,377,4,4,23,0,0
1549480266887,22,Petición HTTP,200,,Grupo de Hilos 1-217,text,true,,389,377,4,4,22,0,0
1549480266893,24,Petición HTTP,200,,Grupo de Hilos 1-218,text,true,,389,377,4,4,24,0,1
1549480266900,22,Petición HTTP,200,,Grupo de Hilos 1-219,text,true,,389,377,4,4,22,0,0
1549480266906,23,Petición HTTP,200,,Grupo de Hilos 1-220,text,true,,389,377,4,4,23,0,0
1549480266911,22,Petición HTTP,200,,Grupo de Hilos 1-221,text,true,,389,377,4,4,22,0,0
1549480266918,23,Petición HTTP,200,,Grupo de Hilos 1-222,text,true,,389,377,4,4,23,0,1
1549480266924,24,Petición HTTP,200,,Grupo de Hilos 1-223,text,true,,389,377,4,4,24,0,1
1549480266931,23,Petición HTTP,200,,Grupo de Hilos 1-224,text,true,,389,377,4,4,23,0,0
1549480266937,24,Petición HTTP,200,,Grupo de Hilos 1-225,text,true,,389,377,4,4,24,0,0
1549480266943,25,Petición HTTP,200,,Grupo de Hilos 1-226,text,true,,389,377,4,4,24,0,1
1549480266949,24,Petición HTTP,200,,Grupo de Hilos 1-227,text,true,,389,377,4,4,24,0,1
1549480266956,24,Petición HTTP,200,,Grupo de Hilos 1-228,text,true,,389,377,4,4,24,0,0
1549480266962,23,Petición HTTP,200,,Grupo de Hilos 1-229,text,true,,389,377,4,4,23,0,0
1549480266968,24,Petición HTTP,200,,Grupo de Hilos 1-230,text,true,,389,377,5,5,24,0,1
1549480266974,24,Petición HTTP,200,,Grupo de Hilos 1-231,text,true,,389,377,4,4,24,0,1
1549480266980,25,Petición HTTP,200,,Grupo de Hilos 1-232,text,true,,389,377,4,4,25,0,1
1549480266987,22,Petición HTTP,200,,Grupo de Hilos 1-233,text,true,,389,377,4,4,22,0,0
1549480266992,23,Petición HTTP,200,,Grupo de Hilos 1-234,text,true,,389,377,3,3,23,0,0
1549480266999,22,Petición HTTP,200,,Grupo de Hilos 1-235,text,true,,389,377,3,3,22,0,1
1549480267008,35,Petición HTTP,200,,Grupo de Hilos 1-236,text,true,,389,377,6,6,35,0,0
1549480267017,48,Petición HTTP,200,,Grupo de Hilos 1-237,text,true,,389,377,8,8,48,0,0
1549480267024,48,Petición HTTP,200,,Grupo de Hilos 1-238,text,true,,389,377,8,8,48,0,1
1549480267030,46,Petición HTTP,200,,Grupo de Hilos 1-239,text,true,,389,377,8,8,46,0,1
1549480267037,42,Petición HTTP,200,,Grupo de Hilos 1-240,text,true,,389,377,7,7,42,0,0
1549480267042,38,Petición HTTP,200,,Grupo de Hilos 1-241,text,true,,389,377,6,6,38,0,0
1549480267049,32,Petición HTTP,200,,Grupo de Hilos 1-242,text,true,,389,377,5,5,32,0,1
1549480267056,27,Petición HTTP,200,,Grupo de Hilos 1-243,text,true,,389,377,5,5,27,0,0
1549480267063,25,Petición HTTP,200,,Grupo de Hilos 1-244,text,true,,389,377,4,4,25,0,0
1549480267069,24,Petición HTTP,200,,Grupo de Hilos 1-245,text,true,,389,377,4,4,24,0,0
1549480267075,24,Petición HTTP,200,,Grupo de Hilos 1-246,text,true,,389,377,4,4,24,0,0
1549480267082,23,Petición HTTP,200,,Grupo de Hilos 1-247,text,true,,389,377,4,4,23,0,0
1549480267088,24,Petición HTTP,200,,Grupo de Hilos 1-248,text,true,,389,377,4,4,24,0,1
1549480267094,25,Petición HTTP,200,,Grupo de Hilos 1-249,text,true,,389,377,4,4,25,0,1
1549480267101,25,Petición HTTP,200,,Grupo de Hilos 1-250,text,true,,389,377,4,4,25,0,0
1549480267106,25,Petición HTTP,200,,Grupo de Hilos 1-251,text,true,,389,377,4,4,25,0,0
1549480267114,24,Petición HTTP,200,,Grupo de Hilos 1-252,text,true,,389,377,4,4,24,0,0
1549480267120,24,Petición HTTP,200,,Grupo de Hilos 1-253,text,true,,389,377,4,4,24,0,1
1549480267127,23,Petición HTTP,200,,Grupo de Hilos 1-254,text,true,,389,377,4,4,23,0,1
1549480267134,22,Petición HTTP,200,,Grupo de Hilos 1-255,text,true,,389,377,3,3,22,0,0
1549480267140,24,Petición HTTP,200,,Grupo de Hilos 1-256,text,true,,389,377,3,3,24,0,1
1549480267146,23,Petición HTTP,200,,Grupo de Hilos 1-257,text,true,,389,377,2,2,23,0,1
1549480267161,24,Petición HTTP,200,,Grupo de Hilos 1-258,text,true,,389,377,3,3,24,0,1
1549480267171,25,Petición HTTP,200,,Grupo de Hilos 1-259,text,true,,389,377,3,3,25,0,0
1549480267178,25,Petición HTTP,200,,Grupo de Hilos 1-260,text,true,,389,377,3,3,25,0,1
1549480267189,25,Petición HTTP,200,,Grupo de Hilos 1-261,text,true,,389,377,4,4,25,0,1
1549480267199,25,Petición HTTP,200,,Grupo de Hilos 1-262,text,true,,389,377,5,5,25,0,0
1549480267205,26,Petición HTTP,200,,Grupo de Hilos 1-263,text,true,,389,377,5,5,26,0,0
1549480267211,26,Petición HTTP,200,,Grupo de Hilos 1-264,text,true,,389,377,5,5,26,0,0
1549480267217,27,Petición HTTP,200,,Grupo de Hilos 1-265,text,true,,389,377,5,5,27,0,1
1549480267223,26,Petición HTTP,200,,Grupo de Hilos 1-266,text,true,,389,377,4,4,26,0,1
1549480267230,24,Petición HTTP,200,,Grupo de Hilos 1-267,text,true,,389,377,4,4,23,0,0
1549480267236,24,Petición HTTP,200,,Grupo de Hilos 1-268,text,true,,389,377,4,4,24,0,0
1549480267243,22,Petición HTTP,200,,Grupo de Hilos 1-269,text,true,,389,377,3,3,22,0,0
1549480267253,22,Petición HTTP,200,,Grupo de Hilos 1-270,text,true,,389,377,4,4,22,0,1
1549480267259,22,Petición HTTP,200,,Grupo de Hilos 1-271,text,true,,389,377,4,4,22,0,1
1549480267266,22,Petición HTTP,200,,Grupo de Hilos 1-272,text,true,,389,377,4,4,22,0,0
1549480267275,24,Petición HTTP,200,,Grupo de Hilos 1-273,text,true,,389,377,4,4,24,0,0
1549480267281,24,Petición HTTP,200,,Grupo de Hilos 1-274,text,true,,389,377,4,4,24,0,1
1549480267287,24,Petición HTTP,200,,Grupo de Hilos 1-275,text,true,,389,377,4,4,24,0,1
1549480267296,21,Petición HTTP,200,,Grupo de Hilos 1-276,text,true,,389,377,4,4,21,0,0
1549480267302,21,Petición HTTP,200,,Grupo de Hilos 1-277,text,true,,389,377,4,4,21,0,0
1549480267308,21,Petición HTTP,200,,Grupo de Hilos 1-278,text,true,,389,377,4,4,21,0,1
1549480267314,21,Petición HTTP,200,,Grupo de Hilos 1-279,text,true,,389,377,4,4,21,0,1
1549480267320,23,Petición HTTP,200,,Grupo de Hilos 1-280,text,true,,389,377,4,4,23,0,1
1549480267327,22,Petición HTTP,200,,Grupo de Hilos 1-281,text,true,,389,377,4,4,22,0,0
1549480267333,23,Petición HTTP,200,,Grupo de Hilos 1-282,text,true,,389,377,4,4,23,0,0
1549480267340,23,Petición HTTP,200,,Grupo de Hilos 1-283,text,true,,389,377,4,4,23,0,0
1549480267346,22,Petición HTTP,200,,Grupo de Hilos 1-284,text,true,,389,377,4,4,22,0,1
1549480267352,24,Petición HTTP,200,,Grupo de Hilos 1-285,text,true,,389,377,4,4,24,0,1
1549480267359,22,Petición HTTP,200,,Grupo de Hilos 1-286,text,true,,389,377,4,4,22,0,0
1549480267365,24,Petición HTTP,200,,Grupo de Hilos 1-287,text,true,,389,377,4,4,24,0,0
1549480267371,24,Petición HTTP,200,,Grupo de Hilos 1-288,text,true,,389,377,4,4,24,0,0
1549480267377,24,Petición HTTP,200,,Grupo de Hilos 1-289,text,true,,389,377,4,4,24,0,1
1549480267383,25,Petición HTTP,200,,Grupo de Hilos 1-290,text,true,,389,377,5,5,25,0,1
1549480267390,24,Petición HTTP,200,,Grupo de Hilos 1-291,text,true,,389,377,4,4,24,0,0
1549480267396,24,Petición HTTP,200,,Grupo de Hilos 1-292,text,true,,389,377,5,5,24,0,0
1549480267402,23,Petición HTTP,200,,Grupo de Hilos 1-293,text,true,,389,377,4,4,23,0,0
1549480267407,28,Petición HTTP,200,,Grupo de Hilos 1-294,text,true,,389,377,5,5,28,0,0
1549480267414,27,Petición HTTP,200,,Grupo de Hilos 1-295,text,true,,389,377,5,5,27,0,0
1549480267420,28,Petición HTTP,200,,Grupo de Hilos 1-296,text,true,,389,377,5,5,28,0,1
1549480267427,26,Petición HTTP,200,,Grupo de Hilos 1-297,text,true,,389,377,4,4,26,0,0
1549480267433,25,Petición HTTP,200,,Grupo de Hilos 1-298,text,true,,389,377,4,4,25,0,0
1549480267439,23,Petición HTTP,200,,Grupo de Hilos 1-299,text,true,,389,377,3,3,23,0,0
1549480267445,23,Petición HTTP,200,,Grupo de Hilos 1-300,text,true,,389,377,3,3,23,0,1
1549480267457,24,Petición HTTP,200,,Grupo de Hilos 1-302,text,true,,389,377,5,5,24,0,1
1549480267464,23,Petición HTTP,200,,Grupo de Hilos 1-303,text,true,,389,377,5,5,23,0,0
1549480267470,23,Petición HTTP,200,,Grupo de Hilos 1-304,text,true,,389,377,5,5,23,0,0
1549480267471,24,Petición HTTP,200,,Grupo de Hilos 1-301,text,true,,389,377,4,4,24,0,1
1549480267476,24,Petición HTTP,200,,Grupo de Hilos 1-305,text,true,,389,377,4,4,24,0,0
1549480267482,24,Petición HTTP,200,,Grupo de Hilos 1-306,text,true,,389,377,4,4,24,0,1
1549480267489,25,Petición HTTP,200,,Grupo de Hilos 1-307,text,true,,389,377,4,4,25,0,0
1549480267495,26,Petición HTTP,200,,Grupo de Hilos 1-308,text,true,,389,377,5,5,26,0,1
1549480267502,26,Petición HTTP,200,,Grupo de Hilos 1-309,text,true,,389,377,5,5,26,0,0
1549480267507,26,Petición HTTP,200,,Grupo de Hilos 1-310,text,true,,389,377,5,5,26,0,0
1549480267514,27,Petición HTTP,200,,Grupo de Hilos 1-311,text,true,,389,377,5,5,27,0,0
1549480267520,27,Petición HTTP,200,,Grupo de Hilos 1-312,text,true,,389,377,4,4,27,0,1
1549480267527,25,Petición HTTP,200,,Grupo de Hilos 1-313,text,true,,389,377,3,3,25,0,0
1549480267533,26,Petición HTTP,200,,Grupo de Hilos 1-314,text,true,,389,377,2,2,26,0,0
1549480267539,22,Petición HTTP,200,,Grupo de Hilos 1-315,text,true,,389,377,1,1,22,0,0
1549480267570,22,Petición HTTP,200,,Grupo de Hilos 1-316,text,true,,389,377,4,4,22,0,0
1549480267576,24,Petición HTTP,200,,Grupo de Hilos 1-317,text,true,,389,377,5,5,24,0,0
1549480267582,24,Petición HTTP,200,,Grupo de Hilos 1-318,text,true,,389,377,5,5,24,0,0
1549480267588,24,Petición HTTP,200,,Grupo de Hilos 1-319,text,true,,389,377,5,5,24,0,0
1549480267594,25,Petición HTTP,200,,Grupo de Hilos 1-320,text,true,,389,377,5,5,25,0,0
1549480267600,25,Petición HTTP,200,,Grupo de Hilos 1-321,text,true,,389,377,5,5,25,0,0
1549480267606,24,Petición HTTP,200,,Grupo de Hilos 1-322,text,true,,389,377,5,5,24,0,0
1549480267612,24,Petición HTTP,200,,Grupo de Hilos 1-323,text,true,,389,377,5,5,24,0,0
1549480267617,24,Petición HTTP,200,,Grupo de Hilos 1-324,text,true,,389,377,5,5,24,0,1
1549480267623,25,Petición HTTP,200,,Grupo de Hilos 1-325,text,true,,389,377,5,5,25,0,0
1549480267629,26,Petición HTTP,200,,Grupo de Hilos 1-326,text,true,,389,377,5,5,26,0,0
1549480267635,25,Petición HTTP,200,,Grupo de Hilos 1-327,text,true,,389,377,5,5,25,0,0
1549480267641,24,Petición HTTP,200,,Grupo de Hilos 1-328,text,true,,389,377,5,5,24,0,0
1549480267647,24,Petición HTTP,200,,Grupo de Hilos 1-329,text,true,,389,377,5,5,24,0,0
1549480267652,25,Petición HTTP,200,,Grupo de Hilos 1-330,text,true,,389,377,5,5,25,0,1
1549480267658,23,Petición HTTP,200,,Grupo de Hilos 1-331,text,true,,389,377,4,4,23,0,1
1549480267664,24,Petición HTTP,200,,Grupo de Hilos 1-332,text,true,,389,377,5,5,24,0,1
1549480267670,24,Petición HTTP,200,,Grupo de Hilos 1-333,text,true,,389,377,5,5,24,0,1
1549480267676,25,Petición HTTP,200,,Grupo de Hilos 1-334,text,true,,389,377,5,5,25,0,1
1549480267682,23,Petición HTTP,200,,Grupo de Hilos 1-335,text,true,,389,377,4,4,23,0,0
1549480267688,25,Petición HTTP,200,,Grupo de Hilos 1-336,text,true,,389,377,4,4,25,0,0
1549480267693,25,Petición HTTP,200,,Grupo de Hilos 1-337,text,true,,389,377,4,4,25,0,0
1549480267700,24,Petición HTTP,200,,Grupo de Hilos 1-338,text,true,,389,377,4,4,24,0,1
1549480267706,23,Petición HTTP,200,,Grupo de Hilos 1-339,text,true,,389,377,4,4,23,0,0
1549480267713,24,Petición HTTP,200,,Grupo de Hilos 1-340,text,true,,389,377,4,4,24,0,0
1549480267718,23,Petición HTTP,200,,Grupo de Hilos 1-341,text,true,,389,377,4,4,23,0,1
1549480267725,23,Petición HTTP,200,,Grupo de Hilos 1-342,text,true,,389,377,5,5,23,0,0
1549480267730,23,Petición HTTP,200,,Grupo de Hilos 1-343,text,true,,389,377,4,4,23,0,1
1549480267738,22,Petición HTTP,200,,Grupo de Hilos 1-344,text,true,,389,377,4,4,22,0,0
1549480267742,22,Petición HTTP,200,,Grupo de Hilos 1-345,text,true,,389,377,4,4,22,0,0
1549480267748,24,Petición HTTP,200,,Grupo de Hilos 1-346,text,true,,389,377,4,4,24,0,1
1549480267756,22,Petición HTTP,200,,Grupo de Hilos 1-347,text,true,,389,377,5,5,22,0,0
1549480267760,24,Petición HTTP,200,,Grupo de Hilos 1-348,text,true,,389,377,5,5,24,0,1
1549480267768,22,Petición HTTP,200,,Grupo de Hilos 1-349,text,true,,389,377,4,4,22,0,0
1549480267772,23,Petición HTTP,200,,Grupo de Hilos 1-350,text,true,,389,377,4,4,23,0,0
1549480267778,22,Petición HTTP,200,,Grupo de Hilos 1-351,text,true,,389,377,4,4,22,0,0
1549480267784,21,Petición HTTP,200,,Grupo de Hilos 1-352,text,true,,389,377,4,4,21,0,0
1549480267791,22,Petición HTTP,200,,Grupo de Hilos 1-353,text,true,,389,377,4,4,22,0,0
1549480267797,23,Petición HTTP,200,,Grupo de Hilos 1-354,text,true,,389,377,4,4,22,0,0
1549480267801,23,Petición HTTP,200,,Grupo de Hilos 1-355,text,true,,389,377,4,4,23,0,1
1549480267810,22,Petición HTTP,200,,Grupo de Hilos 1-356,text,true,,389,377,4,4,22,0,0
1549480267816,23,Petición HTTP,200,,Grupo de Hilos 1-357,text,true,,389,377,5,5,23,0,0
1549480267820,25,Petición HTTP,200,,Grupo de Hilos 1-358,text,true,,389,377,5,5,25,0,0
1549480267826,23,Petición HTTP,200,,Grupo de Hilos 1-359,text,true,,389,377,4,4,23,0,0
1549480267833,24,Petición HTTP,200,,Grupo de Hilos 1-360,text,true,,389,377,4,4,24,0,0
1549480267838,22,Petición HTTP,200,,Grupo de Hilos 1-361,text,true,,389,377,4,4,22,0,0
1549480267844,23,Petición HTTP,200,,Grupo de Hilos 1-362,text,true,,389,377,5,5,23,0,0
1549480267850,22,Petición HTTP,200,,Grupo de Hilos 1-363,text,true,,389,377,5,5,22,0,0
1549480267858,27,Petición HTTP,200,,Grupo de Hilos 1-364,text,true,,389,377,6,6,27,0,0
1549480267861,30,Petición HTTP,200,,Grupo de Hilos 1-365,text,true,,389,377,6,6,30,0,0
1549480267866,27,Petición HTTP,200,,Grupo de Hilos 1-366,text,true,,389,377,5,5,27,0,1
1549480267872,28,Petición HTTP,200,,Grupo de Hilos 1-367,text,true,,389,377,5,5,28,0,1
1549480267878,26,Petición HTTP,200,,Grupo de Hilos 1-368,text,true,,389,377,5,5,26,0,1
1549480267884,23,Petición HTTP,200,,Grupo de Hilos 1-369,text,true,,389,377,4,4,23,0,0
1549480267890,23,Petición HTTP,200,,Grupo de Hilos 1-370,text,true,,389,377,4,4,23,0,0
1549480267895,22,Petición HTTP,200,,Grupo de Hilos 1-371,text,true,,389,377,4,4,22,0,0
1549480267902,22,Petición HTTP,200,,Grupo de Hilos 1-372,text,true,,389,377,4,4,22,0,0
1549480267908,23,Petición HTTP,200,,Grupo de Hilos 1-373,text,true,,389,377,4,4,23,0,0
1549480267914,23,Petición HTTP,200,,Grupo de Hilos 1-374,text,true,,389,377,4,4,23,0,0
1549480267920,24,Petición HTTP,200,,Grupo de Hilos 1-375,text,true,,389,377,5,5,24,0,0
1549480267926,24,Petición HTTP,200,,Grupo de Hilos 1-376,text,true,,389,377,5,5,24,0,0
1549480267931,25,Petición HTTP,200,,Grupo de Hilos 1-377,text,true,,389,377,5,5,25,0,1
1549480267937,24,Petición HTTP,200,,Grupo de Hilos 1-378,text,true,,389,377,5,5,24,0,1
1549480267943,25,Petición HTTP,200,,Grupo de Hilos 1-379,text,true,,389,377,5,5,25,0,1
1549480267949,25,Petición HTTP,200,,Grupo de Hilos 1-380,text,true,,389,377,5,5,25,0,1
1549480267955,25,Petición HTTP,200,,Grupo de Hilos 1-381,text,true,,389,377,5,5,25,0,1
1549480267961,25,Petición HTTP,200,,Grupo de Hilos 1-382,text,true,,389,377,5,5,25,0,1
1549480267963,25,Petición HTTP,200,,Grupo de Hilos 1-383,text,true,,389,377,4,4,25,0,1
1549480267973,25,Petición HTTP,200,,Grupo de Hilos 1-384,text,true,,389,377,5,5,25,0,1
1549480267978,23,Petición HTTP,200,,Grupo de Hilos 1-385,text,true,,389,377,4,4,23,0,0
1549480267985,24,Petición HTTP,200,,Grupo de Hilos 1-386,text,true,,389,377,5,5,24,0,0
1549480267991,25,Petición HTTP,200,,Grupo de Hilos 1-387,text,true,,389,377,5,5,25,0,0
1549480267997,25,Petición HTTP,200,,Grupo de Hilos 1-388,text,true,,389,377,5,5,25,0,0
1549480268003,25,Petición HTTP,200,,Grupo de Hilos 1-389,text,true,,389,377,5,5,24,0,0
1549480268009,40,Petición HTTP,200,,Grupo de Hilos 1-390,text,true,,389,377,7,7,40,0,0
1549480268014,45,Petición HTTP,200,,Grupo de Hilos 1-391,text,true,,389,377,8,8,45,0,1
1549480268020,45,Petición HTTP,200,,Grupo de Hilos 1-392,text,true,,389,377,8,8,45,0,1
1549480268026,45,Petición HTTP,200,,Grupo de Hilos 1-393,text,true,,389,377,8,8,45,0,1
1549480268032,40,Petición HTTP,200,,Grupo de Hilos 1-394,text,true,,389,377,7,7,40,0,1
1549480268038,37,Petición HTTP,200,,Grupo de Hilos 1-395,text,true,,389,377,7,7,37,0,1
1549480268044,34,Petición HTTP,200,,Grupo de Hilos 1-396,text,true,,389,377,6,6,34,0,1
1549480268050,29,Petición HTTP,200,,Grupo de Hilos 1-397,text,true,,389,377,6,6,29,0,0
1549480268055,27,Petición HTTP,200,,Grupo de Hilos 1-398,text,true,,389,377,5,5,27,0,0
1549480268061,24,Petición HTTP,200,,Grupo de Hilos 1-399,text,true,,389,377,5,5,24,0,0
1549480268067,23,Petición HTTP,200,,Grupo de Hilos 1-400,text,true,,389,377,4,4,23,0,0
1549480268073,24,Petición HTTP,200,,Grupo de Hilos 1-401,text,true,,389,377,4,4,24,0,0
1549480268079,24,Petición HTTP,200,,Grupo de Hilos 1-402,text,true,,389,377,5,5,24,0,0
1549480268085,24,Petición HTTP,200,,Grupo de Hilos 1-403,text,true,,389,377,5,5,24,0,0
1549480268091,24,Petición HTTP,200,,Grupo de Hilos 1-404,text,true,,389,377,5,5,24,0,0
1549480268097,23,Petición HTTP,200,,Grupo de Hilos 1-405,text,true,,389,377,4,4,23,0,1
1549480268103,22,Petición HTTP,200,,Grupo de Hilos 1-406,text,true,,389,377,4,4,22,0,0
1549480268109,26,Petición HTTP,200,,Grupo de Hilos 1-407,text,true,,389,377,5,5,26,0,0
1549480268115,25,Petición HTTP,200,,Grupo de Hilos 1-408,text,true,,389,377,5,5,25,0,0
1549480268121,29,Petición HTTP,200,,Grupo de Hilos 1-409,text,true,,389,377,5,5,29,0,1
1549480268127,29,Petición HTTP,200,,Grupo de Hilos 1-410,text,true,,389,377,5,5,29,0,1
1549480268132,26,Petición HTTP,200,,Grupo de Hilos 1-411,text,true,,389,377,5,5,26,0,1
1549480268138,26,Petición HTTP,200,,Grupo de Hilos 1-412,text,true,,389,377,5,5,26,0,1
1549480268150,23,Petición HTTP,200,,Grupo de Hilos 1-413,text,true,,389,377,5,5,23,0,0
1549480268151,22,Petición HTTP,200,,Grupo de Hilos 1-414,text,true,,389,377,4,4,22,0,0
1549480268157,23,Petición HTTP,200,,Grupo de Hilos 1-415,text,true,,389,377,4,4,23,0,0
1549480268163,22,Petición HTTP,200,,Grupo de Hilos 1-416,text,true,,389,377,4,4,22,0,0
1549480268168,24,Petición HTTP,200,,Grupo de Hilos 1-417,text,true,,389,377,4,4,24,0,1
1549480268174,23,Petición HTTP,200,,Grupo de Hilos 1-418,text,true,,389,377,4,4,23,0,1
1549480268180,24,Petición HTTP,200,,Grupo de Hilos 1-419,text,true,,389,377,5,5,24,0,1
1549480268186,23,Petición HTTP,200,,Grupo de Hilos 1-420,text,true,,389,377,5,5,23,0,1
1549480268192,25,Petición HTTP,200,,Grupo de Hilos 1-421,text,true,,389,377,5,5,25,0,0
1549480268198,23,Petición HTTP,200,,Grupo de Hilos 1-422,text,true,,389,377,4,4,23,0,0
1549480268203,24,Petición HTTP,200,,Grupo de Hilos 1-423,text,true,,389,377,4,4,24,0,0
1549480268209,24,Petición HTTP,200,,Grupo de Hilos 1-424,text,true,,389,377,4,4,24,0,0
1549480268216,23,Petición HTTP,200,,Grupo de Hilos 1-425,text,true,,389,377,4,4,23,0,0
1549480268222,23,Petición HTTP,200,,Grupo de Hilos 1-426,text,true,,389,377,3,3,23,0,0
1549480268228,24,Petición HTTP,200,,Grupo de Hilos 1-427,text,true,,389,377,4,4,24,0,0
1549480268234,24,Petición HTTP,200,,Grupo de Hilos 1-428,text,true,,389,377,3,3,24,0,0
1549480268245,24,Petición HTTP,200,,Grupo de Hilos 1-430,text,true,,389,377,3,3,24,0,1
1549480268249,25,Petición HTTP,200,,Grupo de Hilos 1-429,text,true,,389,377,3,3,25,0,0
1549480268262,23,Petición HTTP,200,,Grupo de Hilos 1-431,text,true,,389,377,3,3,23,0,1
1549480268273,24,Petición HTTP,200,,Grupo de Hilos 1-432,text,true,,389,377,4,4,24,0,0
1549480268279,24,Petición HTTP,200,,Grupo de Hilos 1-433,text,true,,389,377,4,4,24,0,1
1549480268286,23,Petición HTTP,200,,Grupo de Hilos 1-434,text,true,,389,377,4,4,23,0,0
1549480268292,25,Petición HTTP,200,,Grupo de Hilos 1-435,text,true,,389,377,5,5,25,0,0
1549480268297,25,Petición HTTP,200,,Grupo de Hilos 1-436,text,true,,389,377,4,4,25,0,0
1549480268304,25,Petición HTTP,200,,Grupo de Hilos 1-437,text,true,,389,377,5,5,25,0,1
1549480268310,25,Petición HTTP,200,,Grupo de Hilos 1-438,text,true,,389,377,4,4,25,0,1
1549480268317,25,Petición HTTP,200,,Grupo de Hilos 1-439,text,true,,389,377,4,4,25,0,0
1549480268323,24,Petición HTTP,200,,Grupo de Hilos 1-440,text,true,,389,377,4,4,24,0,0
1549480268329,26,Petición HTTP,200,,Grupo de Hilos 1-441,text,true,,389,377,5,5,26,0,1
1549480268336,25,Petición HTTP,200,,Grupo de Hilos 1-442,text,true,,389,377,4,4,25,0,0
1549480268344,24,Petición HTTP,200,,Grupo de Hilos 1-443,text,true,,389,377,4,4,24,0,0
1549480268350,23,Petición HTTP,200,,Grupo de Hilos 1-444,text,true,,389,377,4,4,23,0,0
1549480268355,23,Petición HTTP,200,,Grupo de Hilos 1-445,text,true,,389,377,4,4,23,0,0
1549480268362,23,Petición HTTP,200,,Grupo de Hilos 1-446,text,true,,389,377,4,4,23,0,0
1549480268368,24,Petición HTTP,200,,Grupo de Hilos 1-447,text,true,,389,377,4,4,24,0,1
1549480268375,22,Petición HTTP,200,,Grupo de Hilos 1-448,text,true,,389,377,4,4,22,0,0
1549480268381,24,Petición HTTP,200,,Grupo de Hilos 1-449,text,true,,389,377,4,4,23,0,0
1549480268386,22,Petición HTTP,200,,Grupo de Hilos 1-450,text,true,,389,377,4,4,22,0,0
1549480268393,23,Petición HTTP,200,,Grupo de Hilos 1-451,text,true,,389,377,4,4,23,0,0
1549480268399,23,Petición HTTP,200,,Grupo de Hilos 1-452,text,true,,389,377,4,4,23,0,1
1549480268406,22,Petición HTTP,200,,Grupo de Hilos 1-453,text,true,,389,377,4,4,22,0,0
1549480268412,22,Petición HTTP,200,,Grupo de Hilos 1-454,text,true,,389,377,4,4,22,0,0
1549480268417,23,Petición HTTP,200,,Grupo de Hilos 1-455,text,true,,389,377,4,4,23,0,0
1549480268424,23,Petición HTTP,200,,Grupo de Hilos 1-456,text,true,,389,377,4,4,23,0,1
1549480268430,23,Petición HTTP,200,,Grupo de Hilos 1-457,text,true,,389,377,4,4,23,0,1
1549480268436,25,Petición HTTP,200,,Grupo de Hilos 1-458,text,true,,389,377,4,4,25,0,1
1549480268443,34,Petición HTTP,200,,Grupo de Hilos 1-459,text,true,,389,377,6,6,34,0,0
1549480268449,35,Petición HTTP,200,,Grupo de Hilos 1-460,text,true,,389,377,6,6,35,0,0
1549480268454,34,Petición HTTP,200,,Grupo de Hilos 1-461,text,true,,389,377,6,6,34,0,0
1549480268461,35,Petición HTTP,200,,Grupo de Hilos 1-462,text,true,,389,377,6,6,35,0,1
1549480268467,30,Petición HTTP,200,,Grupo de Hilos 1-463,text,true,,389,377,5,5,30,0,1
1549480268474,26,Petición HTTP,200,,Grupo de Hilos 1-464,text,true,,389,377,5,5,26,0,0
1549480268480,25,Petición HTTP,200,,Grupo de Hilos 1-465,text,true,,389,377,5,5,25,0,0
1549480268486,23,Petición HTTP,200,,Grupo de Hilos 1-466,text,true,,389,377,4,4,23,0,0
1549480268492,28,Petición HTTP,200,,Grupo de Hilos 1-467,text,true,,389,377,5,5,28,0,0
1549480268498,28,Petición HTTP,200,,Grupo de Hilos 1-468,text,true,,389,377,5,5,28,0,1
1549480268504,28,Petición HTTP,200,,Grupo de Hilos 1-469,text,true,,389,377,5,5,28,0,1
1549480268511,28,Petición HTTP,200,,Grupo de Hilos 1-470,text,true,,389,377,5,5,28,0,0
1549480268517,24,Petición HTTP,200,,Grupo de Hilos 1-471,text,true,,389,377,4,4,24,0,0
1549480268522,23,Petición HTTP,200,,Grupo de Hilos 1-472,text,true,,389,377,4,4,23,0,0
1549480268529,24,Petición HTTP,200,,Grupo de Hilos 1-473,text,true,,389,377,4,4,24,0,0
1549480268535,25,Petición HTTP,200,,Grupo de Hilos 1-474,text,true,,389,377,4,4,25,0,1
1549480268542,23,Petición HTTP,200,,Grupo de Hilos 1-475,text,true,,389,377,4,4,23,0,0
1549480268548,24,Petición HTTP,200,,Grupo de Hilos 1-476,text,true,,389,377,4,4,24,0,0
1549480268554,23,Petición HTTP,200,,Grupo de Hilos 1-477,text,true,,389,377,4,4,23,0,0
1549480268560,24,Petición HTTP,200,,Grupo de Hilos 1-478,text,true,,389,377,5,5,24,0,1
1549480268566,23,Petición HTTP,200,,Grupo de Hilos 1-479,text,true,,389,377,4,4,23,0,1
1549480268573,23,Petición HTTP,200,,Grupo de Hilos 1-480,text,true,,389,377,4,4,23,0,0
1549480268579,23,Petición HTTP,200,,Grupo de Hilos 1-481,text,true,,389,377,4,4,23,0,0
1549480268584,24,Petición HTTP,200,,Grupo de Hilos 1-482,text,true,,389,377,4,4,24,0,0
1549480268591,29,Petición HTTP,200,,Grupo de Hilos 1-483,text,true,,389,377,5,5,29,0,0
1549480268599,28,Petición HTTP,200,,Grupo de Hilos 1-484,text,true,,389,377,5,5,28,0,0
1549480268605,28,Petición HTTP,200,,Grupo de Hilos 1-485,text,true,,389,377,5,5,28,0,0
1549480268611,26,Petición HTTP,200,,Grupo de Hilos 1-486,text,true,,389,377,5,5,26,0,0
1549480268617,24,Petición HTTP,200,,Grupo de Hilos 1-487,text,true,,389,377,4,4,24,0,1
1549480268624,24,Petición HTTP,200,,Grupo de Hilos 1-488,text,true,,389,377,4,4,24,0,0
1549480268630,25,Petición HTTP,200,,Grupo de Hilos 1-489,text,true,,389,377,5,5,25,0,0
1549480268635,24,Petición HTTP,200,,Grupo de Hilos 1-490,text,true,,389,377,4,4,24,0,0
1549480268642,26,Petición HTTP,200,,Grupo de Hilos 1-491,text,true,,389,377,5,5,26,0,2
1549480268648,24,Petición HTTP,200,,Grupo de Hilos 1-492,text,true,,389,377,4,4,24,0,1
1549480268655,23,Petición HTTP,200,,Grupo de Hilos 1-493,text,true,,389,377,4,4,23,0,0
1549480268660,23,Petición HTTP,200,,Grupo de Hilos 1-494,text,true,,389,377,4,4,23,0,0
1549480268667,22,Petición HTTP,200,,Grupo de Hilos 1-495,text,true,,389,377,4,4,22,0,0
1549480268673,23,Petición HTTP,200,,Grupo de Hilos 1-496,text,true,,389,377,4,4,23,0,1
1549480268680,22,Petición HTTP,200,,Grupo de Hilos 1-497,text,true,,389,377,4,4,22,0,0
1549480268686,22,Petición HTTP,200,,Grupo de Hilos 1-498,text,true,,389,377,4,4,22,0,0
1549480268691,23,Petición HTTP,200,,Grupo de Hilos 1-499,text,true,,389,377,4,4,23,0,0
1549480268698,23,Petición HTTP,200,,Grupo de Hilos 1-500,text,true,,389,377,4,4,23,0,0
1549480268704,24,Petición HTTP,200,,Grupo de Hilos 1-501,text,true,,389,377,4,4,24,0,1
1549480268711,23,Petición HTTP,200,,Grupo de Hilos 1-502,text,true,,389,377,4,4,23,0,0
1549480268717,24,Petición HTTP,200,,Grupo de Hilos 1-503,text,true,,389,377,4,4,24,0,0
1549480268722,23,Petición HTTP,200,,Grupo de Hilos 1-504,text,true,,389,377,4,4,23,0,0
1549480268729,24,Petición HTTP,200,,Grupo de Hilos 1-505,text,true,,389,377,4,4,24,0,1
1549480268735,24,Petición HTTP,200,,Grupo de Hilos 1-506,text,true,,389,377,4,4,24,0,1
1549480268742,23,Petición HTTP,200,,Grupo de Hilos 1-507,text,true,,389,377,4,4,23,0,1
1549480268749,22,Petición HTTP,200,,Grupo de Hilos 1-508,text,true,,389,377,4,4,22,0,0
1549480268754,22,Petición HTTP,200,,Grupo de Hilos 1-509,text,true,,389,377,4,4,22,0,0
1549480268761,24,Petición HTTP,200,,Grupo de Hilos 1-510,text,true,,389,377,4,4,24,0,1
1549480268767,24,Petición HTTP,200,,Grupo de Hilos 1-511,text,true,,389,377,4,4,24,0,1
1549480268774,24,Petición HTTP,200,,Grupo de Hilos 1-512,text,true,,389,377,4,4,24,0,2
1549480268782,23,Petición HTTP,200,,Grupo de Hilos 1-513,text,true,,389,377,4,4,23,0,0
1549480268789,23,Petición HTTP,200,,Grupo de Hilos 1-514,text,true,,389,377,4,4,23,0,0
1549480268795,24,Petición HTTP,200,,Grupo de Hilos 1-515,text,true,,389,377,4,4,24,0,1
1549480268802,22,Petición HTTP,200,,Grupo de Hilos 1-516,text,true,,389,377,4,4,22,0,0
1549480268808,25,Petición HTTP,200,,Grupo de Hilos 1-517,text,true,,389,377,5,5,25,0,0
1549480268813,27,Petición HTTP,200,,Grupo de Hilos 1-518,text,true,,389,377,5,5,27,0,0
1549480268820,27,Petición HTTP,200,,Grupo de Hilos 1-519,text,true,,389,377,5,5,27,0,0
1549480268826,27,Petición HTTP,200,,Grupo de Hilos 1-520,text,true,,389,377,5,5,27,0,1
1549480268832,25,Petición HTTP,200,,Grupo de Hilos 1-521,text,true,,389,377,4,4,25,0,1
1549480268839,24,Petición HTTP,200,,Grupo de Hilos 1-522,text,true,,389,377,4,4,24,0,0
1549480268844,24,Petición HTTP,200,,Grupo de Hilos 1-523,text,true,,389,377,4,4,24,0,0
1549480268851,25,Petición HTTP,200,,Grupo de Hilos 1-524,text,true,,389,377,5,5,25,0,1
1549480268857,24,Petición HTTP,200,,Grupo de Hilos 1-525,text,true,,389,377,4,4,24,0,1
1549480268864,24,Petición HTTP,200,,Grupo de Hilos 1-526,text,true,,389,377,5,5,24,0,0
1549480268870,25,Petición HTTP,200,,Grupo de Hilos 1-527,text,true,,389,377,5,5,25,0,0
1549480268875,25,Petición HTTP,200,,Grupo de Hilos 1-528,text,true,,389,377,4,4,25,0,0
1549480268882,25,Petición HTTP,200,,Grupo de Hilos 1-529,text,true,,389,377,5,5,25,0,0
1549480268888,25,Petición HTTP,200,,Grupo de Hilos 1-530,text,true,,389,377,4,4,25,0,1
1549480268894,25,Petición HTTP,200,,Grupo de Hilos 1-531,text,true,,389,377,5,5,25,0,1
1549480268901,24,Petición HTTP,200,,Grupo de Hilos 1-532,text,true,,389,377,4,4,24,0,0
1549480268907,25,Petición HTTP,200,,Grupo de Hilos 1-533,text,true,,389,377,5,5,25,0,0
1549480268913,25,Petición HTTP,200,,Grupo de Hilos 1-534,text,true,,389,377,5,5,25,0,1
1549480268919,24,Petición HTTP,200,,Grupo de Hilos 1-535,text,true,,389,377,5,5,24,0,1
1549480268926,24,Petición HTTP,200,,Grupo de Hilos 1-536,text,true,,389,377,4,4,24,0,0
1549480268932,24,Petición HTTP,200,,Grupo de Hilos 1-537,text,true,,389,377,4,4,24,0,0
1549480268938,24,Petición HTTP,200,,Grupo de Hilos 1-538,text,true,,389,377,4,4,23,0,0
1549480268943,24,Petición HTTP,200,,Grupo de Hilos 1-539,text,true,,389,377,4,4,24,0,0
1549480268950,23,Petición HTTP,200,,Grupo de Hilos 1-540,text,true,,389,377,4,4,23,0,1
1549480268956,24,Petición HTTP,200,,Grupo de Hilos 1-541,text,true,,389,377,4,4,24,0,1
1549480268963,22,Petición HTTP,200,,Grupo de Hilos 1-542,text,true,,389,377,4,4,22,0,0
1549480268969,23,Petición HTTP,200,,Grupo de Hilos 1-543,text,true,,389,377,4,4,23,0,0
1549480268974,23,Petición HTTP,200,,Grupo de Hilos 1-544,text,true,,389,377,4,4,23,0,0
1549480268981,23,Petición HTTP,200,,Grupo de Hilos 1-545,text,true,,389,377,4,4,23,0,0
1549480268987,24,Petición HTTP,200,,Grupo de Hilos 1-546,text,true,,389,377,4,4,24,0,1
1549480268994,23,Petición HTTP,200,,Grupo de Hilos 1-547,text,true,,389,377,4,4,23,0,0
1549480269000,24,Petición HTTP,200,,Grupo de Hilos 1-548,text,true,,389,377,4,4,24,0,0
1549480269005,28,Petición HTTP,200,,Grupo de Hilos 1-549,text,true,,389,377,5,5,28,0,0
1549480269012,40,Petición HTTP,200,,Grupo de Hilos 1-550,text,true,,389,377,7,7,40,0,0
1549480269018,41,Petición HTTP,200,,Grupo de Hilos 1-551,text,true,,389,377,7,7,41,0,1
1549480269024,43,Petición HTTP,200,,Grupo de Hilos 1-552,text,true,,389,377,6,6,43,0,1
1549480269031,36,Petición HTTP,200,,Grupo de Hilos 1-553,text,true,,389,377,6,6,36,0,0
1549480269037,34,Petición HTTP,200,,Grupo de Hilos 1-554,text,true,,389,377,4,4,34,0,0
1549480269043,29,Petición HTTP,200,,Grupo de Hilos 1-555,text,true,,389,377,3,3,29,0,0
1549480269049,26,Petición HTTP,200,,Grupo de Hilos 1-556,text,true,,389,377,3,3,26,0,0
1549480269055,23,Petición HTTP,200,,Grupo de Hilos 1-557,text,true,,389,377,2,2,23,0,1
1549480269073,21,Petición HTTP,200,,Grupo de Hilos 1-558,text,true,,389,377,3,3,20,0,1
1549480269082,23,Petición HTTP,200,,Grupo de Hilos 1-559,text,true,,389,377,4,4,23,0,0
1549480269085,24,Petición HTTP,200,,Grupo de Hilos 1-560,text,true,,389,377,3,3,24,0,1
1549480269098,23,Petición HTTP,200,,Grupo de Hilos 1-561,text,true,,389,377,4,4,23,0,0
1549480269101,24,Petición HTTP,200,,Grupo de Hilos 1-562,text,true,,389,377,4,4,24,0,0
1549480269111,23,Petición HTTP,200,,Grupo de Hilos 1-563,text,true,,389,377,4,4,23,0,0
1549480269117,24,Petición HTTP,200,,Grupo de Hilos 1-564,text,true,,389,377,4,4,24,0,1
1549480269123,25,Petición HTTP,200,,Grupo de Hilos 1-565,text,true,,389,377,4,4,25,0,1
1549480269132,25,Petición HTTP,200,,Grupo de Hilos 1-566,text,true,,389,377,4,4,25,0,0
1549480269139,25,Petición HTTP,200,,Grupo de Hilos 1-567,text,true,,389,377,5,5,25,0,0
1549480269145,24,Petición HTTP,200,,Grupo de Hilos 1-568,text,true,,389,377,4,4,24,0,0
1549480269151,25,Petición HTTP,200,,Grupo de Hilos 1-569,text,true,,389,377,5,5,25,0,1
1549480269157,28,Petición HTTP,200,,Grupo de Hilos 1-570,text,true,,389,377,5,5,28,0,1
1549480269163,28,Petición HTTP,200,,Grupo de Hilos 1-571,text,true,,389,377,5,5,28,0,1
1549480269170,27,Petición HTTP,200,,Grupo de Hilos 1-572,text,true,,389,377,5,5,27,0,0
1549480269176,27,Petición HTTP,200,,Grupo de Hilos 1-573,text,true,,389,377,5,5,27,0,0
1549480269182,23,Petición HTTP,200,,Grupo de Hilos 1-574,text,true,,389,377,5,5,23,0,0
1549480269188,23,Petición HTTP,200,,Grupo de Hilos 1-575,text,true,,389,377,4,4,23,0,0
1549480269194,22,Petición HTTP,200,,Grupo de Hilos 1-576,text,true,,389,377,4,4,22,0,0
1549480269200,22,Petición HTTP,200,,Grupo de Hilos 1-577,text,true,,389,377,4,4,22,0,0
1549480269205,23,Petición HTTP,200,,Grupo de Hilos 1-578,text,true,,389,377,4,4,23,0,0
1549480269211,24,Petición HTTP,200,,Grupo de Hilos 1-579,text,true,,389,377,4,4,24,0,0
1549480269218,23,Petición HTTP,200,,Grupo de Hilos 1-580,text,true,,389,377,4,4,23,0,0
1549480269224,24,Petición HTTP,200,,Grupo de Hilos 1-581,text,true,,389,377,4,4,24,0,0
1549480269230,23,Petición HTTP,200,,Grupo de Hilos 1-582,text,true,,389,377,4,4,23,0,1
1549480269236,24,Petición HTTP,200,,Grupo de Hilos 1-583,text,true,,389,377,4,4,24,0,1
1549480269242,23,Petición HTTP,200,,Grupo de Hilos 1-584,text,true,,389,377,4,4,23,0,1
1549480269249,23,Petición HTTP,200,,Grupo de Hilos 1-585,text,true,,389,377,4,4,23,0,0
1549480269255,22,Petición HTTP,200,,Grupo de Hilos 1-586,text,true,,389,377,4,4,22,0,0
1549480269261,23,Petición HTTP,200,,Grupo de Hilos 1-587,text,true,,389,377,4,4,23,0,0
1549480269267,22,Petición HTTP,200,,Grupo de Hilos 1-588,text,true,,389,377,4,4,22,0,0
1549480269273,23,Petición HTTP,200,,Grupo de Hilos 1-589,text,true,,389,377,4,4,23,0,0
1549480269279,22,Petición HTTP,200,,Grupo de Hilos 1-590,text,true,,389,377,4,4,22,0,0
1549480269284,23,Petición HTTP,200,,Grupo de Hilos 1-591,text,true,,389,377,4,4,23,0,0
1549480269290,23,Petición HTTP,200,,Grupo de Hilos 1-592,text,true,,389,377,4,4,23,0,0
1549480269297,24,Petición HTTP,200,,Grupo de Hilos 1-593,text,true,,389,377,4,4,24,0,0
1549480269303,25,Petición HTTP,200,,Grupo de Hilos 1-594,text,true,,389,377,5,5,25,0,1
1549480269309,24,Petición HTTP,200,,Grupo de Hilos 1-595,text,true,,389,377,4,4,24,0,1
1549480269315,25,Petición HTTP,200,,Grupo de Hilos 1-596,text,true,,389,377,5,5,25,0,1
1549480269321,24,Petición HTTP,200,,Grupo de Hilos 1-597,text,true,,389,377,4,4,24,0,1
1549480269328,23,Petición HTTP,200,,Grupo de Hilos 1-598,text,true,,389,377,4,4,23,0,0
1549480269334,22,Petición HTTP,200,,Grupo de Hilos 1-599,text,true,,389,377,4,4,22,0,0
1549480269340,23,Petición HTTP,200,,Grupo de Hilos 1-600,text,true,,389,377,5,5,23,0,0
1549480269346,22,Petición HTTP,200,,Grupo de Hilos 1-601,text,true,,389,377,4,4,22,0,0
1549480269352,24,Petición HTTP,200,,Grupo de Hilos 1-602,text,true,,389,377,5,5,24,0,0
1549480269358,23,Petición HTTP,200,,Grupo de Hilos 1-603,text,true,,389,377,4,4,23,0,0
1549480269363,25,Petición HTTP,200,,Grupo de Hilos 1-604,text,true,,389,377,4,4,25,0,0
1549480269369,24,Petición HTTP,200,,Grupo de Hilos 1-605,text,true,,389,377,4,4,24,0,0
1549480269375,25,Petición HTTP,200,,Grupo de Hilos 1-606,text,true,,389,377,4,4,25,0,0
1549480269382,24,Petición HTTP,200,,Grupo de Hilos 1-607,text,true,,389,377,4,4,24,0,0
1549480269388,25,Petición HTTP,200,,Grupo de Hilos 1-608,text,true,,389,377,5,5,24,0,0
1549480269394,23,Petición HTTP,200,,Grupo de Hilos 1-609,text,true,,389,377,4,4,23,0,1
1549480269400,23,Petición HTTP,200,,Grupo de Hilos 1-610,text,true,,389,377,4,4,23,0,0
1549480269406,23,Petición HTTP,200,,Grupo de Hilos 1-611,text,true,,389,377,4,4,23,0,0
1549480269412,24,Petición HTTP,200,,Grupo de Hilos 1-612,text,true,,389,377,4,4,24,0,0
1549480269418,23,Petición HTTP,200,,Grupo de Hilos 1-613,text,true,,389,377,4,4,23,0,0
1549480269424,24,Petición HTTP,200,,Grupo de Hilos 1-614,text,true,,389,377,4,4,24,0,0
1549480269430,22,Petición HTTP,200,,Grupo de Hilos 1-615,text,true,,389,377,4,4,22,0,0
1549480269439,24,Petición HTTP,200,,Grupo de Hilos 1-616,text,true,,389,377,4,4,24,0,1
1549480269446,23,Petición HTTP,200,,Grupo de Hilos 1-617,text,true,,389,377,4,4,23,0,0
1549480269452,24,Petición HTTP,200,,Grupo de Hilos 1-618,text,true,,389,377,4,4,24,0,0
1549480269458,23,Petición HTTP,200,,Grupo de Hilos 1-619,text,true,,389,377,4,4,23,0,0
1549480269464,27,Petición HTTP,200,,Grupo de Hilos 1-620,text,true,,389,377,5,5,27,0,0
1549480269470,27,Petición HTTP,200,,Grupo de Hilos 1-621,text,true,,389,377,5,5,27,0,1
1549480269477,27,Petición HTTP,200,,Grupo de Hilos 1-622,text,true,,389,377,5,5,27,0,0
1549480269484,24,Petición HTTP,200,,Grupo de Hilos 1-623,text,true,,389,377,4,4,24,0,0
1549480269490,23,Petición HTTP,200,,Grupo de Hilos 1-624,text,true,,389,377,4,4,23,0,1
1549480269496,24,Petición HTTP,200,,Grupo de Hilos 1-625,text,true,,389,377,4,4,24,0,1
1549480269502,22,Petición HTTP,200,,Grupo de Hilos 1-626,text,true,,389,377,4,4,22,0,0
1549480269509,23,Petición HTTP,200,,Grupo de Hilos 1-627,text,true,,389,377,4,4,23,0,0
1549480269515,23,Petición HTTP,200,,Grupo de Hilos 1-628,text,true,,389,377,4,4,23,0,0
1549480269521,24,Petición HTTP,200,,Grupo de Hilos 1-629,text,true,,389,377,4,4,24,0,0
1549480269527,24,Petición HTTP,200,,Grupo de Hilos 1-630,text,true,,389,377,4,4,24,0,0
1549480269534,23,Petición HTTP,200,,Grupo de Hilos 1-631,text,true,,389,377,4,4,23,0,0
1549480269540,24,Petición HTTP,200,,Grupo de Hilos 1-632,text,true,,389,377,5,5,24,0,0
1549480269546,23,Petición HTTP,200,,Grupo de Hilos 1-633,text,true,,389,377,5,5,23,0,0
1549480269552,24,Petición HTTP,200,,Grupo de Hilos 1-634,text,true,,389,377,5,5,24,0,0
1549480269558,24,Petición HTTP,200,,Grupo de Hilos 1-635,text,true,,389,377,4,4,24,0,0
1549480269563,25,Petición HTTP,200,,Grupo de Hilos 1-636,text,true,,389,377,4,4,25,0,0
1549480269569,26,Petición HTTP,200,,Grupo de Hilos 1-637,text,true,,389,377,5,5,26,0,0
1549480269575,25,Petición HTTP,200,,Grupo de Hilos 1-638,text,true,,389,377,5,5,25,0,1
1549480269582,23,Petición HTTP,200,,Grupo de Hilos 1-639,text,true,,389,377,4,4,23,0,1
1549480269589,27,Petición HTTP,200,,Grupo de Hilos 1-640,text,true,,389,377,5,5,27,0,0
1549480269595,27,Petición HTTP,200,,Grupo de Hilos 1-641,text,true,,389,377,5,5,27,0,1
1549480269600,28,Petición HTTP,200,,Grupo de Hilos 1-642,text,true,,389,377,5,5,28,0,1
1549480269607,28,Petición HTTP,200,,Grupo de Hilos 1-643,text,true,,389,377,5,5,28,0,0
1549480269613,27,Petición HTTP,200,,Grupo de Hilos 1-644,text,true,,389,377,5,5,27,0,1
1549480269619,25,Petición HTTP,200,,Grupo de Hilos 1-645,text,true,,389,377,5,5,25,0,1
1549480269626,23,Petición HTTP,200,,Grupo de Hilos 1-646,text,true,,389,377,4,4,23,0,0
1549480269632,23,Petición HTTP,200,,Grupo de Hilos 1-647,text,true,,389,377,4,4,23,0,0
1549480269638,23,Petición HTTP,200,,Grupo de Hilos 1-648,text,true,,389,377,4,4,23,0,0
1549480269643,23,Petición HTTP,200,,Grupo de Hilos 1-649,text,true,,389,377,4,4,23,0,0
1549480269649,23,Petición HTTP,200,,Grupo de Hilos 1-650,text,true,,389,377,4,4,23,0,0
1549480269656,24,Petición HTTP,200,,Grupo de Hilos 1-651,text,true,,389,377,4,4,24,0,1
1549480269662,23,Petición HTTP,200,,Grupo de Hilos 1-652,text,true,,389,377,4,4,23,0,1
1549480269668,24,Petición HTTP,200,,Grupo de Hilos 1-653,text,true,,389,377,5,5,24,0,1
1549480269675,22,Petición HTTP,200,,Grupo de Hilos 1-654,text,true,,389,377,4,4,21,0,0
1549480269681,23,Petición HTTP,200,,Grupo de Hilos 1-655,text,true,,389,377,4,4,23,0,0
1549480269687,21,Petición HTTP,200,,Grupo de Hilos 1-656,text,true,,389,377,4,4,21,0,0
1549480269692,22,Petición HTTP,200,,Grupo de Hilos 1-657,text,true,,389,377,4,4,22,0,0
1549480269698,22,Petición HTTP,200,,Grupo de Hilos 1-658,text,true,,389,377,4,4,22,0,0
1549480269705,23,Petición HTTP,200,,Grupo de Hilos 1-659,text,true,,389,377,4,4,23,0,0
1549480269711,23,Petición HTTP,200,,Grupo de Hilos 1-660,text,true,,389,377,4,4,23,0,1
1549480269718,23,Petición HTTP,200,,Grupo de Hilos 1-661,text,true,,389,377,4,4,23,0,0
1549480269723,24,Petición HTTP,200,,Grupo de Hilos 1-662,text,true,,389,377,4,4,24,0,1
1549480269730,23,Petición HTTP,200,,Grupo de Hilos 1-663,text,true,,389,377,4,4,23,0,1
1549480269740,24,Petición HTTP,200,,Grupo de Hilos 1-664,text,true,,389,377,4,4,24,0,1
1549480269746,22,Petición HTTP,200,,Grupo de Hilos 1-665,text,true,,389,377,4,4,22,0,0
1549480269752,23,Petición HTTP,200,,Grupo de Hilos 1-666,text,true,,389,377,4,4,23,0,0
1549480269759,22,Petición HTTP,200,,Grupo de Hilos 1-667,text,true,,389,377,4,4,22,0,0
1549480269765,23,Petición HTTP,200,,Grupo de Hilos 1-668,text,true,,389,377,4,4,23,0,0
1549480269771,22,Petición HTTP,200,,Grupo de Hilos 1-669,text,true,,389,377,4,4,22,0,0
1549480269776,23,Petición HTTP,200,,Grupo de Hilos 1-670,text,true,,389,377,4,4,23,0,0
1549480269784,23,Petición HTTP,200,,Grupo de Hilos 1-671,text,true,,389,377,4,4,23,0,1
1549480269791,24,Petición HTTP,200,,Grupo de Hilos 1-672,text,true,,389,377,5,5,24,0,0
1549480269796,24,Petición HTTP,200,,Grupo de Hilos 1-673,text,true,,389,377,4,4,24,0,0
1549480269802,25,Petición HTTP,200,,Grupo de Hilos 1-674,text,true,,389,377,4,4,25,0,0
1549480269808,25,Petición HTTP,200,,Grupo de Hilos 1-675,text,true,,389,377,4,4,25,0,0
1549480269814,23,Petición HTTP,200,,Grupo de Hilos 1-676,text,true,,389,377,4,4,23,0,0
1549480269822,23,Petición HTTP,200,,Grupo de Hilos 1-677,text,true,,389,377,4,4,23,0,0
1549480269828,24,Petición HTTP,200,,Grupo de Hilos 1-678,text,true,,389,377,5,5,24,0,0
1549480269834,22,Petición HTTP,200,,Grupo de Hilos 1-679,text,true,,389,377,4,4,22,0,0
1549480269840,24,Petición HTTP,200,,Grupo de Hilos 1-680,text,true,,389,377,3,3,24,0,0
1549480269846,23,Petición HTTP,200,,Grupo de Hilos 1-681,text,true,,389,377,3,3,23,0,0
1549480269852,23,Petición HTTP,200,,Grupo de Hilos 1-682,text,true,,389,377,3,3,23,0,0
1549480269866,23,Petición HTTP,200,,Grupo de Hilos 1-683,text,true,,389,377,5,5,23,0,0
1549480269872,23,Petición HTTP,200,,Grupo de Hilos 1-684,text,true,,389,377,4,4,23,0,0
1549480269878,22,Petición HTTP,200,,Grupo de Hilos 1-685,text,true,,389,377,4,4,22,0,0
1549480269883,22,Petición HTTP,200,,Grupo de Hilos 1-686,text,true,,389,377,4,4,22,0,0
1549480269889,27,Petición HTTP,200,,Grupo de Hilos 1-687,text,true,,389,377,5,5,27,0,0
1549480269896,27,Petición HTTP,200,,Grupo de Hilos 1-688,text,true,,389,377,5,5,27,0,1
1549480269903,27,Petición HTTP,200,,Grupo de Hilos 1-689,text,true,,389,377,5,5,27,0,0
1549480269908,27,Petición HTTP,200,,Grupo de Hilos 1-690,text,true,,389,377,5,5,27,0,0
1549480269915,24,Petición HTTP,200,,Grupo de Hilos 1-691,text,true,,389,377,4,4,24,0,1
1549480269921,24,Petición HTTP,200,,Grupo de Hilos 1-692,text,true,,389,377,4,4,24,0,1
1549480269927,22,Petición HTTP,200,,Grupo de Hilos 1-693,text,true,,389,377,4,4,22,0,1
1549480269934,22,Petición HTTP,200,,Grupo de Hilos 1-694,text,true,,389,377,4,4,22,0,0
1549480269940,23,Petición HTTP,200,,Grupo de Hilos 1-695,text,true,,389,377,4,4,23,0,0
1549480269945,23,Petición HTTP,200,,Grupo de Hilos 1-696,text,true,,389,377,4,4,23,0,0
1549480269951,22,Petición HTTP,200,,Grupo de Hilos 1-697,text,true,,389,377,4,4,22,0,0
1549480269957,22,Petición HTTP,200,,Grupo de Hilos 1-698,text,true,,389,377,4,4,22,0,1
1549480269964,24,Petición HTTP,200,,Grupo de Hilos 1-699,text,true,,389,377,4,4,24,0,1
1549480269970,23,Petición HTTP,200,,Grupo de Hilos 1-700,text,true,,389,377,4,4,23,0,1
1549480269976,24,Petición HTTP,200,,Grupo de Hilos 1-701,text,true,,389,377,5,5,24,0,1
1549480269983,22,Petición HTTP,200,,Grupo de Hilos 1-702,text,true,,389,377,4,4,22,0,0
1549480269989,23,Petición HTTP,200,,Grupo de Hilos 1-703,text,true,,389,377,4,4,23,0,0
1549480269995,24,Petición HTTP,200,,Grupo de Hilos 1-704,text,true,,389,377,4,4,24,0,0
1549480270000,25,Petición HTTP,200,,Grupo de Hilos 1-705,text,true,,389,377,4,4,24,0,0
1549480270006,36,Petición HTTP,200,,Grupo de Hilos 1-706,text,true,,389,377,5,5,36,0,0
1549480270013,44,Petición HTTP,200,,Grupo de Hilos 1-707,text,true,,389,377,7,7,44,0,1
1549480270025,44,Petición HTTP,200,,Grupo de Hilos 1-708,text,true,,389,377,8,8,44,0,0
1549480270031,38,Petición HTTP,200,,Grupo de Hilos 1-709,text,true,,389,377,7,7,38,0,0
1549480270036,37,Petición HTTP,200,,Grupo de Hilos 1-710,text,true,,389,377,6,6,37,0,0
1549480270042,31,Petición HTTP,200,,Grupo de Hilos 1-711,text,true,,389,377,5,5,31,0,0
1549480270049,27,Petición HTTP,200,,Grupo de Hilos 1-712,text,true,,389,377,5,5,27,0,0
1549480270055,29,Petición HTTP,200,,Grupo de Hilos 1-713,text,true,,389,377,5,5,29,0,1
1549480270061,28,Petición HTTP,200,,Grupo de Hilos 1-714,text,true,,389,377,5,5,28,0,1
1549480270068,28,Petición HTTP,200,,Grupo de Hilos 1-715,text,true,,389,377,5,5,28,0,0
1549480270074,27,Petición HTTP,200,,Grupo de Hilos 1-716,text,true,,389,377,5,5,27,0,0
1549480270080,29,Petición HTTP,200,,Grupo de Hilos 1-717,text,true,,389,377,5,5,29,0,0
1549480270086,29,Petición HTTP,200,,Grupo de Hilos 1-718,text,true,,389,377,5,5,29,0,0
1549480270091,28,Petición HTTP,200,,Grupo de Hilos 1-719,text,true,,389,377,5,5,28,0,0
1549480270097,28,Petición HTTP,200,,Grupo de Hilos 1-720,text,true,,389,377,5,5,28,0,1
1549480270104,28,Petición HTTP,200,,Grupo de Hilos 1-721,text,true,,389,377,5,5,28,0,1
1549480270110,25,Petición HTTP,200,,Grupo de Hilos 1-722,text,true,,389,377,5,5,25,0,1
1549480270117,24,Petición HTTP,200,,Grupo de Hilos 1-723,text,true,,389,377,5,5,24,0,0
1549480270123,23,Petición HTTP,200,,Grupo de Hilos 1-724,text,true,,389,377,4,4,23,0,0
1549480270129,23,Petición HTTP,200,,Grupo de Hilos 1-725,text,true,,389,377,4,4,23,0,0
1549480270135,22,Petición HTTP,200,,Grupo de Hilos 1-726,text,true,,389,377,4,4,22,0,0
1549480270140,24,Petición HTTP,200,,Grupo de Hilos 1-727,text,true,,389,377,4,4,24,0,0
1549480270146,23,Petición HTTP,200,,Grupo de Hilos 1-728,text,true,,389,377,4,4,23,0,0
1549480270153,27,Petición HTTP,200,,Grupo de Hilos 1-729,text,true,,389,377,5,5,27,0,0
1549480270159,26,Petición HTTP,200,,Grupo de Hilos 1-730,text,true,,389,377,5,5,26,0,1
1549480270165,27,Petición HTTP,200,,Grupo de Hilos 1-731,text,true,,389,377,5,5,27,0,1
1549480270172,26,Petición HTTP,200,,Grupo de Hilos 1-732,text,true,,389,377,5,5,26,0,0
1549480270178,25,Petición HTTP,200,,Grupo de Hilos 1-733,text,true,,389,377,5,5,25,0,0
1549480270184,24,Petición HTTP,200,,Grupo de Hilos 1-734,text,true,,389,377,4,4,24,0,0
1549480270190,23,Petición HTTP,200,,Grupo de Hilos 1-735,text,true,,389,377,4,4,23,0,0
1549480270195,25,Petición HTTP,200,,Grupo de Hilos 1-736,text,true,,389,377,4,4,25,0,0
1549480270201,24,Petición HTTP,200,,Grupo de Hilos 1-737,text,true,,389,377,4,4,24,0,0
1549480270208,25,Petición HTTP,200,,Grupo de Hilos 1-738,text,true,,389,377,5,5,25,0,1
1549480270214,25,Petición HTTP,200,,Grupo de Hilos 1-739,text,true,,389,377,5,5,25,0,1
1549480270220,25,Petición HTTP,200,,Grupo de Hilos 1-740,text,true,,389,377,5,5,25,0,1
1549480270227,24,Petición HTTP,200,,Grupo de Hilos 1-741,text,true,,389,377,5,5,24,0,0
1549480270233,23,Petición HTTP,200,,Grupo de Hilos 1-742,text,true,,389,377,4,4,23,0,0
1549480270239,23,Petición HTTP,200,,Grupo de Hilos 1-743,text,true,,389,377,4,4,23,0,0
1549480270244,24,Petición HTTP,200,,Grupo de Hilos 1-744,text,true,,389,377,4,4,24,0,0
1549480270250,23,Petición HTTP,200,,Grupo de Hilos 1-745,text,true,,389,377,4,4,23,0,0
1549480270257,24,Petición HTTP,200,,Grupo de Hilos 1-746,text,true,,389,377,4,4,23,0,0
1549480270263,24,Petición HTTP,200,,Grupo de Hilos 1-747,text,true,,389,377,4,4,24,0,1
1549480270269,24,Petición HTTP,200,,Grupo de Hilos 1-748,text,true,,389,377,4,4,24,0,0
1549480270275,23,Petición HTTP,200,,Grupo de Hilos 1-749,text,true,,389,377,4,4,23,0,0
1549480270281,24,Petición HTTP,200,,Grupo de Hilos 1-750,text,true,,389,377,4,4,24,0,0
1549480270288,24,Petición HTTP,200,,Grupo de Hilos 1-751,text,true,,389,377,4,4,24,0,1
1549480270295,23,Petición HTTP,200,,Grupo de Hilos 1-752,text,true,,389,377,4,4,23,0,0
1549480270301,24,Petición HTTP,200,,Grupo de Hilos 1-753,text,true,,389,377,5,5,24,0,0
1549480270307,22,Petición HTTP,200,,Grupo de Hilos 1-754,text,true,,389,377,4,4,22,0,0
1549480270313,23,Petición HTTP,200,,Grupo de Hilos 1-755,text,true,,389,377,4,4,23,0,0
1549480270319,23,Petición HTTP,200,,Grupo de Hilos 1-756,text,true,,389,377,4,4,23,0,0
1549480270324,24,Petición HTTP,200,,Grupo de Hilos 1-757,text,true,,389,377,4,4,24,0,0
1549480270329,25,Petición HTTP,200,,Grupo de Hilos 1-758,text,true,,389,377,4,4,25,0,0
1549480270336,24,Petición HTTP,200,,Grupo de Hilos 1-759,text,true,,389,377,4,4,24,0,1
1549480270342,24,Petición HTTP,200,,Grupo de Hilos 1-760,text,true,,389,377,4,4,24,0,1
1549480270349,23,Petición HTTP,200,,Grupo de Hilos 1-761,text,true,,389,377,5,5,23,0,0
1549480270355,23,Petición HTTP,200,,Grupo de Hilos 1-762,text,true,,389,377,5,5,23,0,0
1549480270361,22,Petición HTTP,200,,Grupo de Hilos 1-763,text,true,,389,377,4,4,22,0,0
1549480270367,23,Petición HTTP,200,,Grupo de Hilos 1-764,text,true,,389,377,4,4,23,0,0
1549480270372,23,Petición HTTP,200,,Grupo de Hilos 1-765,text,true,,389,377,3,3,23,0,0
1549480270378,22,Petición HTTP,200,,Grupo de Hilos 1-766,text,true,,389,377,3,3,22,0,0
1549480270386,24,Petición HTTP,200,,Grupo de Hilos 1-767,text,true,,389,377,2,2,24,0,1
1549480270397,21,Petición HTTP,200,,Grupo de Hilos 1-768,text,true,,389,377,4,4,21,0,0
1549480270410,25,Petición HTTP,200,,Grupo de Hilos 1-769,text,true,,389,377,6,6,24,0,1
1549480270413,23,Petición HTTP,200,,Grupo de Hilos 1-770,text,true,,389,377,5,5,23,0,0
1549480270414,26,Petición HTTP,200,,Grupo de Hilos 1-771,text,true,,389,377,4,4,26,0,1
1549480270421,26,Petición HTTP,200,,Grupo de Hilos 1-772,text,true,,389,377,4,4,26,0,1
1549480270428,26,Petición HTTP,200,,Grupo de Hilos 1-773,text,true,,389,377,4,4,26,0,1
1549480270435,24,Petición HTTP,200,,Grupo de Hilos 1-774,text,true,,389,377,4,4,24,0,0
1549480270442,22,Petición HTTP,200,,Grupo de Hilos 1-775,text,true,,389,377,4,4,22,0,0
1549480270447,27,Petición HTTP,200,,Grupo de Hilos 1-776,text,true,,389,377,5,5,27,0,0
1549480270455,25,Petición HTTP,200,,Grupo de Hilos 1-777,text,true,,389,377,5,5,25,0,0
1549480270461,26,Petición HTTP,200,,Grupo de Hilos 1-778,text,true,,389,377,5,5,26,0,0
1549480270467,25,Petición HTTP,200,,Grupo de Hilos 1-779,text,true,,389,377,4,4,25,0,0
1549480270473,23,Petición HTTP,200,,Grupo de Hilos 1-780,text,true,,389,377,4,4,23,0,1
1549480270480,23,Petición HTTP,200,,Grupo de Hilos 1-781,text,true,,389,377,4,4,23,0,0
1549480270486,23,Petición HTTP,200,,Grupo de Hilos 1-782,text,true,,389,377,4,4,23,0,0
1549480270494,23,Petición HTTP,200,,Grupo de Hilos 1-783,text,true,,389,377,4,4,23,0,0
1549480270500,24,Petición HTTP,200,,Grupo de Hilos 1-784,text,true,,389,377,4,4,24,0,1
1549480270506,24,Petición HTTP,200,,Grupo de Hilos 1-785,text,true,,389,377,5,5,24,0,1
1549480270513,22,Petición HTTP,200,,Grupo de Hilos 1-786,text,true,,389,377,4,4,22,0,0
1549480270519,23,Petición HTTP,200,,Grupo de Hilos 1-787,text,true,,389,377,4,4,23,0,0
1549480270525,22,Petición HTTP,200,,Grupo de Hilos 1-788,text,true,,389,377,4,4,22,0,0
1549480270530,22,Petición HTTP,200,,Grupo de Hilos 1-789,text,true,,389,377,4,4,22,0,0
1549480270536,24,Petición HTTP,200,,Grupo de Hilos 1-790,text,true,,389,377,4,4,24,0,0
1549480270543,24,Petición HTTP,200,,Grupo de Hilos 1-791,text,true,,389,377,4,4,24,0,0
1549480270549,23,Petición HTTP,200,,Grupo de Hilos 1-792,text,true,,389,377,4,4,23,0,1
1549480270555,24,Petición HTTP,200,,Grupo de Hilos 1-793,text,true,,389,377,4,4,24,0,1
1549480270562,22,Petición HTTP,200,,Grupo de Hilos 1-794,text,true,,389,377,4,4,22,0,0
1549480270568,24,Petición HTTP,200,,Grupo de Hilos 1-795,text,true,,389,377,4,4,24,0,0
1549480270574,25,Petición HTTP,200,,Grupo de Hilos 1-796,text,true,,389,377,4,4,25,0,0
1549480270582,24,Petición HTTP,200,,Grupo de Hilos 1-797,text,true,,389,377,5,5,24,0,0
1549480270589,24,Petición HTTP,200,,Grupo de Hilos 1-798,text,true,,389,377,5,5,24,0,0
1549480270595,24,Petición HTTP,200,,Grupo de Hilos 1-799,text,true,,389,377,4,4,24,0,0
1549480270601,23,Petición HTTP,200,,Grupo de Hilos 1-800,text,true,,389,377,4,4,23,0,0
1549480270606,23,Petición HTTP,200,,Grupo de Hilos 1-801,text,true,,389,377,4,4,23,0,1
1549480270612,23,Petición HTTP,200,,Grupo de Hilos 1-802,text,true,,389,377,4,4,23,0,1
1549480270619,24,Petición HTTP,200,,Grupo de Hilos 1-803,text,true,,389,377,4,4,24,0,1
1549480270625,23,Petición HTTP,200,,Grupo de Hilos 1-804,text,true,,389,377,4,4,23,0,1
1549480270632,23,Petición HTTP,200,,Grupo de Hilos 1-805,text,true,,389,377,4,4,23,0,0
1549480270638,22,Petición HTTP,200,,Grupo de Hilos 1-806,text,true,,389,377,4,4,22,0,0
1549480270644,23,Petición HTTP,200,,Grupo de Hilos 1-807,text,true,,389,377,4,4,23,0,0
1549480270650,23,Petición HTTP,200,,Grupo de Hilos 1-808,text,true,,389,377,4,4,22,0,0
1549480270658,22,Petición HTTP,200,,Grupo de Hilos 1-809,text,true,,389,377,4,4,22,0,0
1549480270664,23,Petición HTTP,200,,Grupo de Hilos 1-810,text,true,,389,377,4,4,23,0,0
1549480270670,24,Petición HTTP,200,,Grupo de Hilos 1-811,text,true,,389,377,4,4,24,0,0
1549480270676,24,Petición HTTP,200,,Grupo de Hilos 1-812,text,true,,389,377,4,4,24,0,0
1549480270681,23,Petición HTTP,200,,Grupo de Hilos 1-813,text,true,,389,377,4,4,23,0,0
1549480270688,24,Petición HTTP,200,,Grupo de Hilos 1-814,text,true,,389,377,4,4,24,0,1
1549480270694,24,Petición HTTP,200,,Grupo de Hilos 1-815,text,true,,389,377,5,5,24,0,1
1549480270701,23,Petición HTTP,200,,Grupo de Hilos 1-816,text,true,,389,377,4,4,23,0,0
1549480270707,28,Petición HTTP,200,,Grupo de Hilos 1-817,text,true,,389,377,5,5,28,0,0
1549480270713,27,Petición HTTP,200,,Grupo de Hilos 1-818,text,true,,389,377,5,5,27,0,0
1549480270718,28,Petición HTTP,200,,Grupo de Hilos 1-819,text,true,,389,377,5,5,28,0,0
1549480270724,28,Petición HTTP,200,,Grupo de Hilos 1-820,text,true,,389,377,5,5,28,0,0
1549480270731,24,Petición HTTP,200,,Grupo de Hilos 1-821,text,true,,389,377,5,5,24,0,1
1549480270738,23,Petición HTTP,200,,Grupo de Hilos 1-822,text,true,,389,377,4,4,23,0,0
1549480270744,23,Petición HTTP,200,,Grupo de Hilos 1-823,text,true,,389,377,4,4,23,0,0
1549480270750,22,Petición HTTP,200,,Grupo de Hilos 1-824,text,true,,389,377,4,4,22,0,0
1549480270755,23,Petición HTTP,200,,Grupo de Hilos 1-825,text,true,,389,377,4,4,23,0,0
1549480270761,22,Petición HTTP,200,,Grupo de Hilos 1-826,text,true,,389,377,4,4,22,0,0
1549480270768,23,Petición HTTP,200,,Grupo de Hilos 1-827,text,true,,389,377,4,4,23,0,0
1549480270774,22,Petición HTTP,200,,Grupo de Hilos 1-828,text,true,,389,377,4,4,22,0,1
1549480270780,24,Petición HTTP,200,,Grupo de Hilos 1-829,text,true,,389,377,4,4,24,0,1
1549480270787,25,Petición HTTP,200,,Grupo de Hilos 1-830,text,true,,389,377,4,4,25,0,0
1549480270793,24,Petición HTTP,200,,Grupo de Hilos 1-831,text,true,,389,377,4,4,24,0,0
1549480270800,27,Petición HTTP,200,,Grupo de Hilos 1-832,text,true,,389,377,5,5,27,0,0
1549480270806,26,Petición HTTP,200,,Grupo de Hilos 1-833,text,true,,389,377,5,5,26,0,1
1549480270812,26,Petición HTTP,200,,Grupo de Hilos 1-834,text,true,,389,377,5,5,26,0,1
1549480270819,25,Petición HTTP,200,,Grupo de Hilos 1-835,text,true,,389,377,5,5,25,0,0
1549480270825,26,Petición HTTP,200,,Grupo de Hilos 1-836,text,true,,389,377,5,5,26,0,0
1549480270831,25,Petición HTTP,200,,Grupo de Hilos 1-837,text,true,,389,377,5,5,25,0,0
1549480270836,25,Petición HTTP,200,,Grupo de Hilos 1-838,text,true,,389,377,4,4,25,0,0
1549480270844,24,Petición HTTP,200,,Grupo de Hilos 1-839,text,true,,389,377,4,4,24,0,0
1549480270850,23,Petición HTTP,200,,Grupo de Hilos 1-840,text,true,,389,377,4,4,23,0,0
1549480270855,23,Petición HTTP,200,,Grupo de Hilos 1-841,text,true,,389,377,4,4,23,0,0
1549480270861,22,Petición HTTP,200,,Grupo de Hilos 1-842,text,true,,389,377,4,4,22,0,0
1549480270868,24,Petición HTTP,200,,Grupo de Hilos 1-843,text,true,,389,377,4,4,24,0,1
1549480270876,24,Petición HTTP,200,,Grupo de Hilos 1-844,text,true,,389,377,4,4,24,0,1
1549480270882,23,Petición HTTP,200,,Grupo de Hilos 1-845,text,true,,389,377,4,4,23,0,1
1549480270889,22,Petición HTTP,200,,Grupo de Hilos 1-846,text,true,,389,377,4,4,22,0,0
1549480270895,23,Petición HTTP,200,,Grupo de Hilos 1-847,text,true,,389,377,5,5,23,0,0
1549480270901,22,Petición HTTP,200,,Grupo de Hilos 1-848,text,true,,389,377,4,4,22,0,0
1549480270907,23,Petición HTTP,200,,Grupo de Hilos 1-849,text,true,,389,377,4,4,23,0,0
1549480270912,23,Petición HTTP,200,,Grupo de Hilos 1-850,text,true,,389,377,4,4,23,0,0
1549480270918,22,Petición HTTP,200,,Grupo de Hilos 1-851,text,true,,389,377,4,4,22,0,0
1549480270926,22,Petición HTTP,200,,Grupo de Hilos 1-852,text,true,,389,377,4,4,22,0,0
1549480270932,23,Petición HTTP,200,,Grupo de Hilos 1-853,text,true,,389,377,4,4,23,0,0
1549480270937,22,Petición HTTP,200,,Grupo de Hilos 1-854,text,true,,389,377,4,4,22,0,0
1549480270943,23,Petición HTTP,200,,Grupo de Hilos 1-855,text,true,,389,377,4,4,23,0,0
1549480270949,22,Petición HTTP,200,,Grupo de Hilos 1-856,text,true,,389,377,4,4,22,0,0
1549480270956,23,Petición HTTP,200,,Grupo de Hilos 1-857,text,true,,389,377,4,4,23,0,1
1549480270962,24,Petición HTTP,200,,Grupo de Hilos 1-858,text,true,,389,377,4,4,24,0,1
1549480270968,24,Petición HTTP,200,,Grupo de Hilos 1-859,text,true,,389,377,4,4,24,0,1
1549480270975,23,Petición HTTP,200,,Grupo de Hilos 1-860,text,true,,389,377,4,4,23,0,0
1549480270981,23,Petición HTTP,200,,Grupo de Hilos 1-861,text,true,,389,377,4,4,23,0,0
1549480270987,23,Petición HTTP,200,,Grupo de Hilos 1-862,text,true,,389,377,4,4,23,0,0
1549480270993,22,Petición HTTP,200,,Grupo de Hilos 1-863,text,true,,389,377,4,4,22,0,1
1549480270999,23,Petición HTTP,200,,Grupo de Hilos 1-864,text,true,,389,377,4,4,23,0,1
1549480271006,36,Petición HTTP,200,,Grupo de Hilos 1-865,text,true,,389,377,6,6,36,0,0
1549480271012,43,Petición HTTP,200,,Grupo de Hilos 1-866,text,true,,389,377,7,7,43,0,0
1549480271020,43,Petición HTTP,200,,Grupo de Hilos 1-867,text,true,,389,377,8,8,43,0,0
1549480271026,42,Petición HTTP,200,,Grupo de Hilos 1-868,text,true,,389,377,7,7,42,0,0
1549480271031,37,Petición HTTP,200,,Grupo de Hilos 1-869,text,true,,389,377,7,7,37,0,0
1549480271037,33,Petición HTTP,200,,Grupo de Hilos 1-870,text,true,,389,377,6,6,33,0,0
1549480271044,27,Petición HTTP,200,,Grupo de Hilos 1-871,text,true,,389,377,5,5,27,0,0
1549480271050,25,Petición HTTP,200,,Grupo de Hilos 1-872,text,true,,389,377,4,4,25,0,1
1549480271056,24,Petición HTTP,200,,Grupo de Hilos 1-873,text,true,,389,377,4,4,24,0,1
1549480271062,24,Petición HTTP,200,,Grupo de Hilos 1-874,text,true,,389,377,4,4,24,0,0
1549480271068,23,Petición HTTP,200,,Grupo de Hilos 1-875,text,true,,389,377,4,4,23,0,0
1549480271075,23,Petición HTTP,200,,Grupo de Hilos 1-876,text,true,,389,377,4,4,23,0,1
1549480271081,23,Petición HTTP,200,,Grupo de Hilos 1-877,text,true,,389,377,4,4,23,0,1
1549480271087,24,Petición HTTP,200,,Grupo de Hilos 1-878,text,true,,389,377,4,4,24,0,1
1549480271094,22,Petición HTTP,200,,Grupo de Hilos 1-879,text,true,,389,377,4,4,22,0,0
1549480271100,23,Petición HTTP,200,,Grupo de Hilos 1-880,text,true,,389,377,4,4,23,0,0
1549480271106,22,Petición HTTP,200,,Grupo de Hilos 1-881,text,true,,389,377,4,4,22,0,0
1549480271111,23,Petición HTTP,200,,Grupo de Hilos 1-882,text,true,,389,377,4,4,23,0,0
1549480271117,22,Petición HTTP,200,,Grupo de Hilos 1-883,text,true,,389,377,4,4,22,0,0
1549480271124,24,Petición HTTP,200,,Grupo de Hilos 1-884,text,true,,389,377,4,4,24,0,0
1549480271130,23,Petición HTTP,200,,Grupo de Hilos 1-885,text,true,,389,377,4,4,23,0,1
1549480271136,24,Petición HTTP,200,,Grupo de Hilos 1-886,text,true,,389,377,4,4,24,0,1
1549480271143,24,Petición HTTP,200,,Grupo de Hilos 1-887,text,true,,389,377,5,5,24,0,0
1549480271149,23,Petición HTTP,200,,Grupo de Hilos 1-888,text,true,,389,377,5,5,23,0,0
1549480271155,25,Petición HTTP,200,,Grupo de Hilos 1-889,text,true,,389,377,5,5,25,0,0
1549480271160,25,Petición HTTP,200,,Grupo de Hilos 1-890,text,true,,389,377,4,4,25,0,0
1549480271166,25,Petición HTTP,200,,Grupo de Hilos 1-891,text,true,,389,377,5,5,25,0,0
1549480271172,24,Petición HTTP,200,,Grupo de Hilos 1-892,text,true,,389,377,4,4,24,0,0
1549480271179,25,Petición HTTP,200,,Grupo de Hilos 1-893,text,true,,389,377,5,5,25,0,0
1549480271186,24,Petición HTTP,200,,Grupo de Hilos 1-894,text,true,,389,377,4,4,24,0,0
1549480271191,24,Petición HTTP,200,,Grupo de Hilos 1-895,text,true,,389,377,4,4,24,0,0
1549480271197,23,Petición HTTP,200,,Grupo de Hilos 1-896,text,true,,389,377,4,4,23,0,1
1549480271203,23,Petición HTTP,200,,Grupo de Hilos 1-897,text,true,,389,377,4,4,23,0,1
1549480271211,22,Petición HTTP,200,,Grupo de Hilos 1-898,text,true,,389,377,4,4,22,0,0
1549480271216,23,Petición HTTP,200,,Grupo de Hilos 1-899,text,true,,389,377,4,4,23,0,0
1549480271222,22,Petición HTTP,200,,Grupo de Hilos 1-900,text,true,,389,377,4,4,22,0,0
1549480271229,22,Petición HTTP,200,,Grupo de Hilos 1-901,text,true,,389,377,4,4,22,0,1
1549480271236,22,Petición HTTP,200,,Grupo de Hilos 1-902,text,true,,389,377,4,4,22,0,0
1549480271242,21,Petición HTTP,200,,Grupo de Hilos 1-903,text,true,,389,377,4,4,21,0,0
1549480271248,22,Petición HTTP,200,,Grupo de Hilos 1-904,text,true,,389,377,4,4,22,0,0
1549480271254,22,Petición HTTP,200,,Grupo de Hilos 1-905,text,true,,389,377,4,4,22,0,1
1549480271260,23,Petición HTTP,200,,Grupo de Hilos 1-906,text,true,,389,377,4,4,23,0,1
1549480271267,24,Petición HTTP,200,,Grupo de Hilos 1-907,text,true,,389,377,5,5,24,0,0
1549480271273,23,Petición HTTP,200,,Grupo de Hilos 1-908,text,true,,389,377,4,4,23,0,0
1549480271279,24,Petición HTTP,200,,Grupo de Hilos 1-909,text,true,,389,377,4,4,24,0,0
1549480271285,22,Petición HTTP,200,,Grupo de Hilos 1-910,text,true,,389,377,4,4,22,0,0
1549480271290,24,Petición HTTP,200,,Grupo de Hilos 1-911,text,true,,389,377,4,4,24,0,0
1549480271296,24,Petición HTTP,200,,Grupo de Hilos 1-912,text,true,,389,377,4,4,24,0,0
1549480271303,24,Petición HTTP,200,,Grupo de Hilos 1-913,text,true,,389,377,4,4,24,0,0
1549480271309,25,Petición HTTP,200,,Grupo de Hilos 1-914,text,true,,389,377,5,5,25,0,1
1549480271315,25,Petición HTTP,200,,Grupo de Hilos 1-915,text,true,,389,377,5,5,25,0,1
1549480271322,22,Petición HTTP,200,,Grupo de Hilos 1-916,text,true,,389,377,4,4,22,0,0
1549480271328,24,Petición HTTP,200,,Grupo de Hilos 1-917,text,true,,389,377,5,5,24,0,0
1549480271334,25,Petición HTTP,200,,Grupo de Hilos 1-918,text,true,,389,377,5,5,25,0,0
1549480271339,25,Petición HTTP,200,,Grupo de Hilos 1-919,text,true,,389,377,4,4,25,0,0
1549480271345,25,Petición HTTP,200,,Grupo de Hilos 1-920,text,true,,389,377,4,4,25,0,0
1549480271351,25,Petición HTTP,200,,Grupo de Hilos 1-921,text,true,,389,377,5,5,25,0,1
1549480271358,25,Petición HTTP,200,,Grupo de Hilos 1-922,text,true,,389,377,4,4,25,0,1
1549480271364,24,Petición HTTP,200,,Grupo de Hilos 1-923,text,true,,389,377,4,4,24,0,1
1549480271371,24,Petición HTTP,200,,Grupo de Hilos 1-924,text,true,,389,377,4,4,24,0,0
1549480271376,24,Petición HTTP,200,,Grupo de Hilos 1-925,text,true,,389,377,4,4,24,0,1
1549480271383,25,Petición HTTP,200,,Grupo de Hilos 1-926,text,true,,389,377,5,5,25,0,1
1549480271390,24,Petición HTTP,200,,Grupo de Hilos 1-927,text,true,,389,377,5,5,24,0,0
1549480271396,25,Petición HTTP,200,,Grupo de Hilos 1-928,text,true,,389,377,5,5,25,0,0
1549480271402,25,Petición HTTP,200,,Grupo de Hilos 1-929,text,true,,389,377,5,5,25,0,0
1549480271408,24,Petición HTTP,200,,Grupo de Hilos 1-930,text,true,,389,377,4,4,24,0,0
1549480271413,23,Petición HTTP,200,,Grupo de Hilos 1-931,text,true,,389,377,4,4,23,0,0
1549480271419,25,Petición HTTP,200,,Grupo de Hilos 1-932,text,true,,389,377,4,4,25,0,1
1549480271426,25,Petición HTTP,200,,Grupo de Hilos 1-933,text,true,,389,377,4,4,25,0,1
1549480271432,24,Petición HTTP,200,,Grupo de Hilos 1-934,text,true,,389,377,4,4,24,0,1
1549480271439,24,Petición HTTP,200,,Grupo de Hilos 1-935,text,true,,389,377,4,4,24,0,0
1549480271445,23,Petición HTTP,200,,Grupo de Hilos 1-936,text,true,,389,377,4,4,23,0,1
1549480271454,23,Petición HTTP,200,,Grupo de Hilos 1-937,text,true,,389,377,4,4,23,0,1
1549480271460,22,Petición HTTP,200,,Grupo de Hilos 1-938,text,true,,389,377,4,4,22,0,1
1549480271467,21,Petición HTTP,200,,Grupo de Hilos 1-939,text,true,,389,377,4,4,21,0,0
1549480271473,22,Petición HTTP,200,,Grupo de Hilos 1-940,text,true,,389,377,4,4,22,0,0
1549480271479,23,Petición HTTP,200,,Grupo de Hilos 1-941,text,true,,389,377,4,4,23,0,0
1549480271484,24,Petición HTTP,200,,Grupo de Hilos 1-942,text,true,,389,377,4,4,24,0,0
1549480271490,22,Petición HTTP,200,,Grupo de Hilos 1-943,text,true,,389,377,4,4,22,0,0
1549480271497,23,Petición HTTP,200,,Grupo de Hilos 1-944,text,true,,389,377,4,4,23,0,0
1549480271503,24,Petición HTTP,200,,Grupo de Hilos 1-945,text,true,,389,377,4,4,24,0,1
1549480271509,23,Petición HTTP,200,,Grupo de Hilos 1-946,text,true,,389,377,4,4,23,0,1
1549480271515,24,Petición HTTP,200,,Grupo de Hilos 1-947,text,true,,389,377,4,4,23,0,0
1549480271521,23,Petición HTTP,200,,Grupo de Hilos 1-948,text,true,,389,377,4,4,23,0,0
1549480271528,23,Petición HTTP,200,,Grupo de Hilos 1-949,text,true,,389,377,4,4,23,0,1
1549480271534,24,Petición HTTP,200,,Grupo de Hilos 1-950,text,true,,389,377,4,4,24,0,1
1549480271541,22,Petición HTTP,200,,Grupo de Hilos 1-951,text,true,,389,377,3,3,22,0,0
1549480271547,22,Petición HTTP,200,,Grupo de Hilos 1-952,text,true,,389,377,3,3,22,0,0
1549480271558,22,Petición HTTP,200,,Grupo de Hilos 1-953,text,true,,389,377,4,4,22,0,0
1549480271564,23,Petición HTTP,200,,Grupo de Hilos 1-954,text,true,,389,377,4,4,23,0,0
1549480271570,25,Petición HTTP,200,,Grupo de Hilos 1-955,text,true,,389,377,5,5,25,0,0
1549480271576,24,Petición HTTP,200,,Grupo de Hilos 1-956,text,true,,389,377,4,4,24,0,0
1549480271582,24,Petición HTTP,200,,Grupo de Hilos 1-957,text,true,,389,377,4,4,24,0,0
1549480271588,24,Petición HTTP,200,,Grupo de Hilos 1-958,text,true,,389,377,4,4,24,0,1
1549480271594,25,Petición HTTP,200,,Grupo de Hilos 1-959,text,true,,389,377,4,4,25,0,1
1549480271600,25,Petición HTTP,200,,Grupo de Hilos 1-960,text,true,,389,377,4,4,25,0,1
1549480271607,24,Petición HTTP,200,,Grupo de Hilos 1-961,text,true,,389,377,4,4,24,0,0
1549480271613,24,Petición HTTP,200,,Grupo de Hilos 1-962,text,true,,389,377,4,4,24,0,0
1549480271619,25,Petición HTTP,200,,Grupo de Hilos 1-963,text,true,,389,377,4,4,25,0,1
1549480271626,22,Petición HTTP,200,,Grupo de Hilos 1-964,text,true,,389,377,3,3,22,0,0
1549480271632,24,Petición HTTP,200,,Grupo de Hilos 1-965,text,true,,389,377,2,2,24,0,0
1549480271638,21,Petición HTTP,200,,Grupo de Hilos 1-966,text,true,,389,377,1,1,21,0,0
1549480271663,20,Petición HTTP,200,,Grupo de Hilos 1-967,text,true,,389,377,3,3,20,0,0
1549480271673,22,Petición HTTP,200,,Grupo de Hilos 1-968,text,true,,389,377,4,4,22,0,1
1549480271679,24,Petición HTTP,200,,Grupo de Hilos 1-969,text,true,,389,377,4,4,24,0,1
1549480271685,23,Petición HTTP,200,,Grupo de Hilos 1-970,text,true,,389,377,4,4,23,0,1
1549480271691,24,Petición HTTP,200,,Grupo de Hilos 1-971,text,true,,389,377,5,5,24,0,1
1549480271697,23,Petición HTTP,200,,Grupo de Hilos 1-972,text,true,,389,377,4,4,23,0,1
1549480271703,24,Petición HTTP,200,,Grupo de Hilos 1-973,text,true,,389,377,5,5,24,0,1
1549480271709,23,Petición HTTP,200,,Grupo de Hilos 1-974,text,true,,389,377,5,5,23,0,1
1549480271715,25,Petición HTTP,200,,Grupo de Hilos 1-975,text,true,,389,377,5,5,25,0,1
1549480271721,23,Petición HTTP,200,,Grupo de Hilos 1-976,text,true,,389,377,5,5,23,0,1
1549480271727,24,Petición HTTP,200,,Grupo de Hilos 1-977,text,true,,389,377,5,5,24,0,0
1549480271731,25,Petición HTTP,200,,Grupo de Hilos 1-978,text,true,,389,377,4,4,25,0,0
1549480271738,25,Petición HTTP,200,,Grupo de Hilos 1-979,text,true,,389,377,4,4,25,0,0
1549480271742,24,Petición HTTP,200,,Grupo de Hilos 1-980,text,true,,389,377,4,4,24,0,0
1549480271751,24,Petición HTTP,200,,Grupo de Hilos 1-981,text,true,,389,377,4,4,24,0,0
1549480271759,23,Petición HTTP,200,,Grupo de Hilos 1-982,text,true,,389,377,5,5,23,0,0
1549480271764,23,Petición HTTP,200,,Grupo de Hilos 1-983,text,true,,389,377,4,4,23,0,0
1549480271770,22,Petición HTTP,200,,Grupo de Hilos 1-984,text,true,,389,377,4,4,22,0,0
1549480271776,24,Petición HTTP,200,,Grupo de Hilos 1-985,text,true,,389,377,4,4,24,0,0
1549480271782,24,Petición HTTP,200,,Grupo de Hilos 1-986,text,true,,389,377,4,4,24,0,0
1549480271788,24,Petición HTTP,200,,Grupo de Hilos 1-987,text,true,,389,377,4,4,24,0,0
1549480271795,24,Petición HTTP,200,,Grupo de Hilos 1-988,text,true,,389,377,4,4,24,0,0
1549480271801,23,Petición HTTP,200,,Grupo de Hilos 1-989,text,true,,389,377,4,4,23,0,1
1549480271807,24,Petición HTTP,200,,Grupo de Hilos 1-990,text,true,,389,377,4,4,23,0,1
1549480271813,23,Petición HTTP,200,,Grupo de Hilos 1-991,text,true,,389,377,4,4,23,0,1
1549480271819,24,Petición HTTP,200,,Grupo de Hilos 1-992,text,true,,389,377,4,4,24,0,1
1549480271826,23,Petición HTTP,200,,Grupo de Hilos 1-993,text,true,,389,377,4,4,23,0,0
1549480271832,24,Petición HTTP,200,,Grupo de Hilos 1-994,text,true,,389,377,4,4,24,0,0
1549480271838,23,Petición HTTP,200,,Grupo de Hilos 1-995,text,true,,389,377,4,4,23,0,0
1549480271844,24,Petición HTTP,200,,Grupo de Hilos 1-996,text,true,,389,377,5,5,24,0,0
1549480271850,23,Petición HTTP,200,,Grupo de Hilos 1-997,text,true,,389,377,4,4,23,0,0
1549480271856,24,Petición HTTP,200,,Grupo de Hilos 1-998,text,true,,389,377,3,3,24,0,0
1549480271862,24,Petición HTTP,200,,Grupo de Hilos 1-999,text,true,,389,377,2,2,24,0,0
1549480271867,23,Petición HTTP,200,,Grupo de Hilos 1-1000,text,true,,389,377,1,1,23,0,0
